Year-Month,Place,FOCUS_MURDER,FOCUS_HOMICIDE,FOCUS_PHYSICAL INJURY,FOCUS_RAPE,FOCUS_ROBBERY,FOCUS_THEFT,FOCUS_CARNAPPING MV,FOCUS_CARNAPPING MC,TOTAL 8 SPECIAL COMPLEX CRIMES,AVE MONTHLY INDEX CRIME RATE,VIOLATION OF SPECIAL LAWS,OTHER NON-INDEX CRIMES,ATTEMPTED STAGES FOCUS CRIMES,FRUSTRATED STAGES FOCUS CRIMES,AVE MONTHLY NON-INDEX CRIME RATE,RIR_HOMICIDE,RIR_PHYSICAL INJURY,RIR_DAMAGE TO PROPERTY,TOTAL RIRs (VEHICULAR ACCIDENTS),QUASI_HOMICIDE,QUASI_PHYSICAL INJURY,QUASI_DAMAGE TO PROPERTY,TOTAL OTHER QUASI OFFENSES,PSI AVERAGE MONTHLY CRIME RATE
2022-01,REGION I (ILOCOS REGION),8,2,16,16,7,26,1,2,0,2.3540935672514616,264,67,13,21,6.56,32,133,99,264,1,1,1,3,4.8
2022-01,REGION II (CAGAYAN VALLEY),8,0,7,22,4,10,1,2,0,2.3540935672514616,257,40,11,14,8.42,31,88,104,223,0,2,2,4,5.94
2022-01,REGION III  (CENTRAL LUZON),24,6,26,52,50,99,1,22,3,2.3540935672514616,1086,222,23,34,10.98,53,486,695,1234,1,13,10,24,10.12
2022-01,REGION IV-A (CALABARZON),54,8,47,91,61,131,5,33,4,2.3540935672514616,1794,310,30,69,13.8,59,425,979,1463,0,2,7,9,9.22
2022-01,REGION IV-B (MIMAROPA),10,4,2,14,6,9,0,3,1,2.3540935672514616,146,37,5,17,6.24,16,40,27,83,2,1,3,6,2.71
2022-01,REGION V (BICOL REGION),31,1,16,39,23,42,0,5,1,2.3540935672514616,372,84,12,19,7.58,17,225,336,578,1,6,4,11,9.17
2022-01,REGION VI (WESTERN VISAYAS),35,11,33,32,24,49,0,1,0,2.3540935672514616,408,169,23,43,7.7,40,281,498,819,2,7,9,18,10.03
2022-01,REGION VII (CENTRAL VISAYAS),30,4,85,33,32,89,1,6,2,2.3540935672514616,1071,207,18,43,16.34,25,597,683,1305,3,12,7,22,16.2
2022-01,REGION VIII (EASTERN VISAYAS),12,4,11,15,12,26,0,0,0,2.3540935672514616,295,43,13,22,7.58,22,96,103,221,3,1,0,4,4.57
2022-01,REGION IX (ZAMBOANGA PENINSULA),20,1,9,28,7,22,0,7,1,2.3540935672514616,183,36,6,21,6.12,21,110,97,228,1,0,0,1,5.7
2022-01,REGION X (NORTHERN MINDANAO),16,1,14,29,15,43,2,10,0,2.3540935672514616,355,68,16,22,8.87,28,195,319,542,1,5,2,8,10.59
2022-01,REGION XI (DAVAO REGION),23,2,27,32,21,16,0,2,1,2.3540935672514616,477,1103,8,19,29.11,22,64,81,167,0,7,3,10,3.21
2022-01,REGION XII (SOCCKSARGEN),19,11,12,30,14,23,0,2,1,2.3540935672514616,316,36,13,11,7.99,16,170,133,319,0,0,1,1,6.8
2022-01,REGION XIII (Caraga),15,0,4,17,17,21,0,7,1,2.3540935672514616,158,40,9,19,7.86,14,93,112,219,2,3,1,6,7.82
2022-01,BANGSAMORO AUTONOMOUS REGION IN MUSLIM MINDANAO (BARMM),35,0,9,7,2,7,0,2,2,2.3540935672514616,122,22,7,15,8.7,3,7,3,13,0,1,0,1,0.73
2022-01,CORDILLERA ADMINISTRATIVE REGION (CAR),2,1,10,10,7,16,0,5,0,2.3540935672514616,65,35,2,7,2.46,8,52,100,160,0,1,1,2,3.66
2022-01,NATIONAL CAPITAL REGION (NCR),23,14,58,84,113,219,12,27,4,2.3540935672514616,2036,426,32,55,17.24,44,1036,2627,3707,3,6,8,17,25.18
2022-02,REGION I (ILOCOS REGION),9,2,13,22,8,16,0,5,1,2.3540935672514616,254,47,8,13,5.78,32,116,104,252,0,0,1,1,4.54
2022-02,REGION II (CAGAYAN VALLEY),2,4,8,16,3,14,1,5,1,2.3540935672514616,280,50,3,8,8.92,21,73,102,196,0,1,0,1,5.15
2022-02,REGION III  (CENTRAL LUZON),20,4,26,41,56,96,4,12,1,2.3540935672514616,1071,205,19,36,10.71,43,416,662,1121,0,3,18,21,9.19
2022-02,REGION IV-A (CALABARZON),44,5,38,56,77,165,4,25,1,2.3540935672514616,1770,300,26,67,13.55,45,415,1057,1517,0,4,5,9,9.56
2022-02,REGION IV-B (MIMAROPA),4,3,6,6,8,10,0,1,0,2.3540935672514616,178,29,11,13,7.04,9,34,24,67,1,2,1,4,2.16
2022-02,REGION V (BICOL REGION),11,1,11,33,22,70,0,3,0,2.3540935672514616,329,75,16,14,6.76,17,251,309,577,2,5,1,8,9.11
2022-02,REGION VI (WESTERN VISAYAS),23,11,18,37,21,33,0,3,0,2.3540935672514616,363,181,18,62,7.47,31,257,499,787,1,3,5,9,9.53
2022-02,REGION VII (CENTRAL VISAYAS),23,5,47,21,18,87,0,5,3,2.3540935672514616,1405,158,22,31,19.72,17,499,523,1039,2,8,6,16,12.88
2022-02,REGION VIII (EASTERN VISAYAS),14,2,13,8,16,26,0,2,0,2.3540935672514616,282,43,11,23,7.3,12,62,62,136,0,1,1,2,2.81
2022-02,REGION IX (ZAMBOANGA PENINSULA),19,2,10,11,4,16,0,6,0,2.3540935672514616,191,27,6,28,6.27,14,89,92,195,0,0,0,0,4.85
2022-02,REGION X (NORTHERN MINDANAO),25,3,15,11,18,40,0,12,0,2.3540935672514616,350,56,12,39,8.8,25,169,294,488,0,2,2,4,9.47
2022-02,REGION XI (DAVAO REGION),15,4,6,20,10,27,0,0,0,2.3540935672514616,509,1173,7,9,30.76,17,60,103,180,0,0,0,0,3.26
2022-02,REGION XII (SOCCKSARGEN),7,16,5,13,8,21,0,8,0,2.3540935672514616,298,38,10,16,7.7,30,174,114,318,0,0,0,0,6.76
2022-02,REGION XIII (Caraga),16,3,9,12,13,14,1,6,0,2.3540935672514616,199,24,11,12,8.55,14,96,99,209,0,0,1,1,7.3
2022-02,BANGSAMORO AUTONOMOUS REGION IN MUSLIM MINDANAO (BARMM),24,2,3,4,10,0,0,3,0,2.3540935672514616,104,16,4,6,6.82,3,6,1,10,0,0,0,0,0.52
2022-02,CORDILLERA ADMINISTRATIVE REGION (CAR),4,1,2,10,11,9,0,1,1,2.3540935672514616,82,24,1,7,2.58,10,44,64,118,0,1,3,4,2.76
2022-02,NATIONAL CAPITAL REGION (NCR),26,11,56,57,84,211,1,31,2,2.3540935672514616,2219,458,28,58,18.68,32,992,3050,4074,0,7,7,14,27.64
2022-03,REGION I (ILOCOS REGION),14,3,17,22,14,21,1,3,0,1.71,219,51,9,17,5.32,21,103,85,209,0,2,1,3,3.81
2022-03,REGION II (CAGAYAN VALLEY),12,3,5,13,9,10,0,1,0,1.39,173,53,7,13,6.43,23,91,126,240,0,1,3,4,6.38
2022-03,REGION III  (CENTRAL LUZON),20,3,24,55,42,103,1,13,4,2.13,1059,192,21,41,10.57,45,480,932,1457,2,17,19,38,12.03
2022-03,REGION IV-A (CALABARZON),37,10,37,67,63,156,1,33,2,2.54,1835,340,32,60,14.2,58,467,1208,1733,1,4,7,12,10.93
2022-03,REGION IV-B (MIMAROPA),12,2,5,17,8,11,0,1,1,1.74,132,34,9,11,5.67,11,39,37,87,2,0,1,3,2.74
2022-03,REGION V (BICOL REGION),17,3,19,39,26,68,0,8,0,2.8,295,77,15,23,6.38,23,245,352,620,1,7,6,14,9.87
2022-03,REGION VI (WESTERN VISAYAS),32,15,38,33,31,70,0,3,0,2.66,375,183,23,61,7.69,40,313,514,867,0,0,7,7,10.47
2022-03,REGION VII (CENTRAL VISAYAS),24,6,75,24,28,105,4,8,0,3.34,1325,135,16,44,18.55,30,553,657,1240,1,4,5,10,15.26
2022-03,REGION VIII (EASTERN VISAYAS),20,2,10,16,16,20,1,2,1,1.79,155,35,12,32,4.76,10,56,78,144,2,0,0,2,2.97
2022-03,REGION IX (ZAMBOANGA PENINSULA),11,6,11,12,3,11,0,5,0,1.47,174,40,7,25,6.12,15,69,86,170,1,2,0,3,4.3
2022-03,REGION X (NORTHERN MINDANAO),20,5,18,16,27,46,1,7,0,2.7,303,67,20,28,8.05,32,192,358,582,1,1,0,2,11.24
2022-03,REGION XI (DAVAO REGION),25,1,7,17,10,37,0,2,2,1.83,633,1372,13,20,36.92,13,74,117,204,1,1,0,2,3.73
2022-03,REGION XII (SOCCKSARGEN),13,8,12,18,7,31,0,2,1,1.96,241,36,6,29,6.63,24,204,148,376,0,0,1,1,8.02
2022-03,REGION XIII (Caraga),18,3,7,16,11,14,0,6,1,2.64,184,39,9,28,9.04,25,104,128,257,0,0,0,0,8.93
2022-03,BANGSAMORO AUTONOMOUS REGION IN MUSLIM MINDANAO (BARMM),22,0,7,4,8,2,0,1,1,2.36,69,7,8,10,4.93,5,8,2,15,0,2,0,2,0.89
2022-03,CORDILLERA ADMINISTRATIVE REGION (CAR),5,0,14,14,4,20,0,3,1,1.38,70,20,1,1,2.08,12,53,81,146,0,0,1,1,3.32
2022-03,NATIONAL CAPITAL REGION (NCR),26,19,80,73,104,270,8,45,2,4.24,2511,448,25,68,20.64,33,1205,3625,4863,1,4,12,17,33.0
2022-04,REGION I (ILOCOS REGION),12,3,9,24,6,14,0,7,0,1.35,212,59,11,19,5.41,24,99,99,222,1,3,2,6,4.1
2022-04,REGION II (CAGAYAN VALLEY),4,3,6,21,7,17,2,5,1,1.73,187,47,8,17,6.77,27,100,119,246,1,1,2,4,6.54
2022-04,REGION III  (CENTRAL LUZON),19,5,22,47,48,97,3,14,3,2.08,891,165,19,41,8.98,42,502,823,1367,0,21,32,53,11.43
2022-04,REGION IV-A (CALABARZON),49,8,35,54,55,172,3,26,3,2.54,1789,321,36,66,13.85,53,492,1232,1777,1,2,6,9,11.18
2022-04,REGION IV-B (MIMAROPA),6,1,5,13,8,12,0,0,0,1.37,118,28,10,18,5.3,16,46,39,101,1,1,1,3,3.17
2022-04,REGION V (BICOL REGION),18,2,19,23,27,63,0,7,1,2.49,244,87,13,28,5.79,17,285,416,718,0,0,4,4,11.24
2022-04,REGION VI (WESTERN VISAYAS),24,12,26,29,16,53,1,5,1,2.0,330,159,18,50,6.67,25,237,528,790,2,2,7,11,9.59
2022-04,REGION VII (CENTRAL VISAYAS),16,8,51,29,36,117,1,4,0,3.2,1313,171,24,34,18.82,33,538,766,1337,1,8,3,12,16.46
2022-04,REGION VIII (EASTERN VISAYAS),14,1,7,23,17,25,0,4,0,1.85,202,36,20,17,5.59,11,64,88,163,0,1,0,1,3.33
2022-04,REGION IX (ZAMBOANGA PENINSULA),22,3,13,21,8,23,0,5,0,2.36,199,34,8,15,6.37,15,73,68,156,0,1,0,1,3.9
2022-04,REGION X (NORTHERN MINDANAO),23,5,18,21,12,50,0,16,1,2.81,369,79,19,36,9.68,31,151,293,475,0,2,3,5,9.24
2022-04,REGION XI (DAVAO REGION),21,2,8,21,19,21,1,4,1,1.78,551,1712,8,15,41.41,25,72,80,177,0,1,2,3,3.26
2022-04,REGION XII (SOCCKSARGEN),15,9,7,12,11,25,1,8,1,1.89,310,42,10,18,8.08,28,205,131,364,0,1,0,1,7.76
2022-04,REGION XIII (Caraga),16,3,4,11,13,14,1,0,0,2.16,130,33,14,18,6.78,10,95,137,242,0,3,0,3,8.52
2022-04,BANGSAMORO AUTONOMOUS REGION IN MUSLIM MINDANAO (BARMM),27,0,7,1,3,5,0,1,1,2.36,58,15,4,11,4.61,1,8,2,11,0,0,0,0,0.58
2022-04,CORDILLERA ADMINISTRATIVE REGION (CAR),5,3,12,9,8,12,1,1,1,1.18,80,18,2,6,2.4,9,38,87,134,0,0,0,0,3.03
2022-04,NATIONAL CAPITAL REGION (NCR),30,16,58,62,104,261,7,43,2,3.94,2179,450,33,60,18.41,33,1123,3578,4734,0,5,12,17,32.12
2022-05,REGION I (ILOCOS REGION),12,4,16,27,5,15,1,3,0,1.49,145,55,9,19,4.1,40,101,103,244,0,3,0,3,4.44
2022-05,REGION II (CAGAYAN VALLEY),11,3,10,20,7,10,2,6,1,1.83,177,52,10,11,6.54,34,75,103,212,0,2,1,3,5.62
2022-05,REGION III  (CENTRAL LUZON),20,3,21,68,35,88,1,12,1,2.0,805,190,24,43,8.55,52,509,856,1417,2,11,29,42,11.74
2022-05,REGION IV-A (CALABARZON),43,8,38,80,53,166,4,36,5,2.71,1529,319,32,71,12.22,54,475,1221,1750,2,3,5,10,11.02
2022-05,REGION IV-B (MIMAROPA),7,0,2,10,4,7,0,1,3,1.04,106,29,8,20,4.97,9,50,44,103,1,1,0,2,3.2
2022-05,REGION V (BICOL REGION),22,5,29,33,25,73,0,7,0,3.02,234,100,12,27,5.81,24,359,455,838,1,9,6,16,13.3
2022-05,REGION VI (WESTERN VISAYAS),28,12,29,21,26,56,1,5,0,2.13,316,144,25,35,6.23,33,323,573,929,1,3,7,11,11.26
2022-05,REGION VII (CENTRAL VISAYAS),29,6,67,26,28,104,1,12,1,3.34,1099,206,23,46,16.77,32,663,822,1517,0,16,8,24,18.81
2022-05,REGION VIII (EASTERN VISAYAS),35,7,16,20,13,19,0,3,1,2.32,174,40,19,47,5.69,21,126,139,286,0,5,1,6,5.94
2022-05,REGION IX (ZAMBOANGA PENINSULA),19,8,17,16,9,17,0,8,0,2.34,159,49,17,23,6.17,20,101,105,226,0,0,2,2,5.67
2022-05,REGION X (NORTHERN MINDANAO),26,3,22,25,20,46,0,14,0,3.0,282,81,21,34,8.05,31,221,369,621,0,1,1,2,11.99
2022-05,REGION XI (DAVAO REGION),23,0,8,26,6,30,0,2,1,1.74,446,1087,10,15,28.22,27,100,116,243,0,0,1,1,4.42
2022-05,REGION XII (SOCCKSARGEN),12,4,11,8,5,25,0,6,1,1.53,277,51,11,24,7.72,27,201,117,345,0,1,1,2,7.38
2022-05,REGION XIII (Caraga),30,3,12,22,9,19,1,5,1,3.55,125,34,15,23,6.85,19,122,130,271,0,1,0,1,9.46
2022-05,BANGSAMORO AUTONOMOUS REGION IN MUSLIM MINDANAO (BARMM),39,3,28,4,3,7,0,4,1,4.67,68,41,10,22,7.39,7,12,3,22,0,0,0,0,1.15
2022-05,CORDILLERA ADMINISTRATIVE REGION (CAR),2,0,9,8,1,12,0,5,0,0.84,71,17,1,4,2.1,12,31,64,107,0,1,4,5,2.53
2022-05,NATIONAL CAPITAL REGION (NCR),29,8,47,65,85,238,5,40,1,3.5,1704,369,22,52,14.52,44,1157,3812,5013,0,5,5,10,33.96
2022-06,REGION I (ILOCOS REGION),12,4,13,31,9,22,0,3,2,1.72,217,55,6,18,5.32,33,88,81,202,1,0,1,2,3.66
2022-06,REGION II (CAGAYAN VALLEY),8,2,4,16,6,12,0,4,0,1.36,217,30,10,20,7.25,21,70,120,211,3,4,3,10,5.78
2022-06,REGION III  (CENTRAL LUZON),14,6,24,63,39,111,5,20,0,2.27,974,173,18,31,9.62,40,436,829,1305,3,11,31,45,10.86
2022-06,REGION IV-A (CALABARZON),41,11,33,68,55,163,3,17,2,2.46,1751,314,37,63,13.56,44,397,1079,1520,1,8,7,16,9.62
2022-06,REGION IV-B (MIMAROPA),9,3,1,9,7,7,0,0,0,1.1,150,22,9,14,5.94,13,37,31,81,0,1,0,1,2.5
2022-06,REGION V (BICOL REGION),20,1,16,34,16,72,0,5,1,2.57,294,71,13,32,6.38,16,290,363,669,1,6,6,13,10.62
2022-06,REGION VI (WESTERN VISAYAS),33,9,43,28,34,69,0,7,1,2.68,347,164,33,58,7.21,37,262,533,832,1,7,10,18,10.18
2022-06,REGION VII (CENTRAL VISAYAS),25,4,68,19,31,135,2,12,2,3.64,1203,169,25,26,17.37,36,602,834,1472,1,9,5,15,18.15
2022-06,REGION VIII (EASTERN VISAYAS),27,5,15,21,14,31,0,4,2,2.42,217,46,13,40,6.42,23,141,157,321,1,2,1,4,6.61
2022-06,REGION IX (ZAMBOANGA PENINSULA),23,2,14,16,8,30,0,4,0,2.41,192,32,5,24,6.29,17,108,75,200,0,0,1,1,5.0
2022-06,REGION X (NORTHERN MINDANAO),34,1,17,12,11,45,0,7,0,2.44,299,64,19,29,7.91,34,184,317,535,0,12,8,20,10.68
2022-06,REGION XI (DAVAO REGION),25,2,12,22,10,19,0,2,3,1.72,500,1220,13,17,31.7,17,69,105,191,0,0,1,1,3.48
2022-06,REGION XII (SOCCKSARGEN),24,11,7,12,21,25,1,3,0,2.21,293,35,6,23,7.59,26,192,109,327,0,1,0,1,6.97
2022-06,REGION XIII (Caraga),23,2,5,13,11,20,0,2,0,2.64,128,48,16,21,7.4,18,133,149,300,1,0,2,3,10.53
2022-06,BANGSAMORO AUTONOMOUS REGION IN MUSLIM MINDANAO (BARMM),38,1,6,2,7,2,1,6,1,3.36,62,12,10,21,5.5,1,11,1,13,2,0,0,2,0.79
2022-06,CORDILLERA ADMINISTRATIVE REGION (CAR),7,1,3,3,4,20,3,4,0,1.02,81,13,3,8,2.37,6,33,84,123,0,0,0,0,2.78
2022-06,NATIONAL CAPITAL REGION (NCR),34,6,53,62,103,291,4,32,1,3.96,2230,412,25,51,18.38,27,1216,3803,5046,0,10,4,14,34.21
2022-07,REGION I (ILOCOS REGION),13,3,14,18,12,31,0,3,1,1.71,341,49,8,21,7.53,27,101,106,234,0,1,5,6,4.31
2022-07,REGION II (CAGAYAN VALLEY),6,3,7,12,12,12,0,7,0,1.54,194,66,7,17,7.43,22,83,110,215,1,1,1,3,5.7
2022-07,REGION III  (CENTRAL LUZON),24,6,24,39,61,104,7,22,4,2.34,988,178,20,46,9.91,45,506,941,1492,1,17,25,43,12.35
2022-07,REGION IV-A (CALABARZON),52,10,29,64,52,163,2,22,3,2.49,1850,336,54,59,14.4,40,417,1055,1512,0,2,2,4,9.49
2022-07,REGION IV-B (MIMAROPA),10,3,3,11,11,9,0,2,0,1.49,151,46,15,21,7.1,12,40,45,97,0,0,0,0,2.95
2022-07,REGION V (BICOL REGION),16,7,18,34,25,66,0,6,0,2.68,275,60,13,16,5.67,17,249,375,641,0,6,3,9,10.12
2022-07,REGION VI (WESTERN VISAYAS),14,10,33,22,41,75,1,2,0,2.37,340,170,33,49,7.09,27,276,556,859,2,4,11,17,10.49
2022-07,REGION VII (CENTRAL VISAYAS),26,8,68,30,42,138,2,6,3,3.94,1385,182,26,38,19.91,32,618,912,1562,0,5,3,8,19.16
2022-07,REGION VIII (EASTERN VISAYAS),17,2,12,14,15,35,1,4,1,2.05,229,38,13,31,6.32,17,101,134,252,1,3,1,5,5.23
2022-07,REGION IX (ZAMBOANGA PENINSULA),15,2,9,13,9,18,0,3,0,1.72,178,38,11,20,6.14,21,77,99,197,0,0,0,0,4.9
2022-07,REGION X (NORTHERN MINDANAO),16,3,21,17,24,59,1,4,1,2.81,318,59,15,38,8.28,24,225,397,646,2,8,6,16,12.74
2022-07,REGION XI (DAVAO REGION),18,6,9,24,10,29,0,2,1,1.79,489,1861,11,11,42.96,25,65,119,209,0,0,1,1,3.8
2022-07,REGION XII (SOCCKSARGEN),16,6,6,18,4,21,0,6,2,1.68,266,39,5,16,6.93,27,188,120,335,0,1,0,1,7.14
2022-07,REGION XIII (Caraga),10,4,12,11,17,24,1,2,0,2.82,188,62,12,24,9.94,12,122,149,283,3,1,1,5,10.01
2022-07,BANGSAMORO AUTONOMOUS REGION IN MUSLIM MINDANAO (BARMM),37,3,2,5,1,4,1,0,0,2.78,76,21,3,21,6.34,0,9,2,11,1,2,0,3,0.73
2022-07,CORDILLERA ADMINISTRATIVE REGION (CAR),2,2,13,7,6,18,0,2,1,1.15,60,30,1,10,2.28,4,42,95,141,0,0,1,1,3.21
2022-07,NATIONAL CAPITAL REGION (NCR),32,11,55,74,102,242,4,32,3,3.75,2193,470,34,50,18.57,34,1202,3910,5146,1,13,21,35,35.03
2022-08,REGION I (ILOCOS REGION),9,1,4,27,11,19,0,3,1,1.35,233,41,11,19,5.46,25,86,93,204,0,1,0,1,3.68
2022-08,REGION II (CAGAYAN VALLEY),9,3,4,10,7,16,1,12,1,1.65,159,44,12,16,6.04,27,75,110,212,0,1,2,3,5.62
2022-08,REGION III  (CENTRAL LUZON),34,9,17,43,54,98,0,18,5,2.24,837,138,34,35,8.4,48,481,1003,1532,3,13,36,52,12.75
2022-08,REGION IV-A (CALABARZON),46,5,38,51,52,136,4,13,3,2.18,1675,291,37,40,12.79,34,422,1120,1576,1,3,7,11,9.94
2022-08,REGION IV-B (MIMAROPA),6,1,3,8,4,15,0,3,1,1.25,138,26,13,20,6.0,12,40,53,105,0,1,1,2,3.26
2022-08,REGION V (BICOL REGION),18,2,16,33,29,63,0,11,0,2.68,305,93,7,20,6.62,30,276,375,681,0,3,4,7,10.71
2022-08,REGION VI (WESTERN VISAYAS),35,10,29,27,31,80,0,7,2,2.65,359,153,29,60,7.2,32,312,610,954,1,3,6,10,11.55
2022-08,REGION VII (CENTRAL VISAYAS),33,3,63,23,34,117,0,7,1,3.43,1095,177,28,33,16.27,26,595,956,1577,0,7,10,17,19.45
2022-08,REGION VIII (EASTERN VISAYAS),23,5,14,8,12,23,1,4,0,1.83,210,42,15,28,6.0,16,102,144,262,0,3,1,4,5.41
2022-08,REGION IX (ZAMBOANGA PENINSULA),12,4,8,17,18,29,0,5,0,2.31,163,20,12,17,5.27,17,97,89,203,0,0,0,0,5.05
2022-08,REGION X (NORTHERN MINDANAO),27,12,20,18,24,35,1,9,2,2.85,330,72,18,42,8.89,29,203,394,626,0,17,14,31,12.65
2022-08,REGION XI (DAVAO REGION),22,2,15,24,14,26,0,3,3,1.97,481,2151,0,14,47.93,29,82,138,249,2,0,1,3,4.56
2022-08,REGION XII (SOCCKSARGEN),18,13,10,22,12,36,0,3,1,2.45,238,39,9,17,6.44,19,196,131,346,0,0,2,2,7.4
2022-08,REGION XIII (Caraga),23,3,10,10,17,22,0,3,0,3.06,192,47,12,17,9.32,17,100,132,249,1,2,2,5,8.83
2022-08,BANGSAMORO AUTONOMOUS REGION IN MUSLIM MINDANAO (BARMM),46,1,6,4,9,6,0,1,0,3.83,113,15,5,9,7.44,4,5,3,12,1,2,0,3,0.79
2022-08,CORDILLERA ADMINISTRATIVE REGION (CAR),6,4,3,9,6,14,2,2,0,1.04,80,18,3,6,2.42,6,42,108,156,1,0,0,1,3.55
2022-08,NATIONAL CAPITAL REGION (NCR),20,11,40,74,94,267,5,36,4,3.73,1721,428,30,53,15.09,36,1140,4153,5329,0,8,13,21,36.17
2022-09,REGION I (ILOCOS REGION),7,1,8,14,11,21,0,5,0,1.2,679,53,8,19,13.63,24,86,80,190,1,2,2,5,3.5
2022-09,REGION II (CAGAYAN VALLEY),4,3,7,9,4,22,0,7,1,1.49,363,44,14,20,11.53,21,85,157,263,1,2,0,3,6.96
2022-09,REGION III  (CENTRAL LUZON),17,4,15,33,62,113,2,14,2,2.11,1114,164,25,47,10.86,44,504,1027,1575,2,14,36,52,13.09
2022-09,REGION IV-A (CALABARZON),42,6,22,61,55,146,2,15,5,2.22,2456,331,29,53,17.97,50,429,1071,1550,3,4,7,14,9.79
2022-09,REGION IV-B (MIMAROPA),3,2,4,17,5,6,0,3,0,1.22,159,34,10,17,6.7,10,47,48,105,0,0,0,0,3.2
2022-09,REGION V (BICOL REGION),21,3,17,35,19,91,0,5,0,2.97,442,80,10,20,8.6,24,321,416,761,0,6,2,8,11.98
2022-09,REGION VI (WESTERN VISAYAS),27,7,32,31,30,48,1,10,2,2.25,721,157,28,61,11.58,36,313,585,934,0,5,3,8,11.28
2022-09,REGION VII (CENTRAL VISAYAS),31,7,53,20,43,117,0,11,2,3.47,1567,153,23,46,21.83,40,658,934,1632,1,16,7,24,20.21
2022-09,REGION VIII (EASTERN VISAYAS),17,10,18,18,12,34,0,5,1,2.34,492,61,16,32,12.22,18,121,145,284,2,3,3,8,5.94
2022-09,REGION IX (ZAMBOANGA PENINSULA),14,3,7,9,18,20,1,5,0,1.92,319,27,14,22,9.5,14,97,104,215,0,0,2,2,5.4
2022-09,REGION X (NORTHERN MINDANAO),19,3,18,18,13,49,2,4,0,2.43,467,68,15,34,11.24,31,230,355,616,0,20,17,37,12.57
2022-09,REGION XI (DAVAO REGION),15,2,10,23,17,20,0,0,1,1.59,2620,44,8,22,48.8,19,111,144,274,1,2,1,4,5.04
2022-09,REGION XII (SOCCKSARGEN),15,4,10,18,14,19,0,3,0,1.76,350,34,11,34,9.12,23,183,150,356,0,0,0,0,7.57
2022-09,REGION XIII (Caraga),12,0,9,12,6,22,0,4,1,2.29,337,49,15,22,14.71,21,113,131,265,0,2,3,5,9.39
2022-09,BANGSAMORO AUTONOMOUS REGION IN MUSLIM MINDANAO (BARMM),33,2,2,3,3,3,2,6,1,2.88,119,13,3,23,8.28,4,7,5,16,1,0,0,1,0.89
2022-09,CORDILLERA ADMINISTRATIVE REGION (CAR),4,2,4,7,3,14,0,2,0,0.81,91,18,3,5,2.65,4,41,100,145,1,1,0,2,3.32
2022-09,NATIONAL CAPITAL REGION (NCR),26,9,53,65,103,283,8,50,4,4.06,2093,393,19,67,17.39,32,1251,4297,5580,3,11,27,41,38.01
2022-10,REGION I (ILOCOS REGION),14,4,14,13,5,25,0,6,2,1.49,236,57,8,24,5.84,27,86,70,183,0,2,5,7,3.41
2022-10,REGION II (CAGAYAN VALLEY),11,0,7,15,9,17,0,6,0,1.7,189,42,13,25,7.04,24,89,157,270,1,0,0,1,7.09
2022-10,REGION III  (CENTRAL LUZON),28,2,18,57,44,102,0,19,2,2.19,829,186,21,32,8.59,62,542,1092,1696,3,14,45,62,14.15
2022-10,REGION IV-A (CALABARZON),38,5,29,59,44,162,3,10,0,2.19,1679,303,40,60,13.04,56,420,1100,1576,1,6,6,13,9.95
2022-10,REGION IV-B (MIMAROPA),4,1,3,17,6,6,0,0,1,1.16,109,27,7,22,5.03,16,49,60,125,0,0,0,0,3.81
2022-10,REGION V (BICOL REGION),18,3,30,29,26,79,1,7,3,3.05,303,60,6,19,6.04,22,321,404,747,1,4,4,9,11.77
2022-10,REGION VI (WESTERN VISAYAS),25,16,31,21,28,65,0,5,1,2.3,352,185,29,66,7.57,34,321,627,982,1,4,1,6,11.83
2022-10,REGION VII (CENTRAL VISAYAS),32,4,70,24,28,115,0,5,6,3.47,1519,195,12,40,21.55,34,657,999,1690,1,5,6,12,20.77
2022-10,REGION VIII (EASTERN VISAYAS),29,3,16,8,11,38,0,0,1,2.16,222,41,16,27,6.22,16,120,157,293,0,2,1,3,6.02
2022-10,REGION IX (ZAMBOANGA PENINSULA),22,3,5,16,8,14,0,1,0,1.72,204,37,8,27,6.86,16,102,120,238,0,2,2,4,6.02
2022-10,REGION X (NORTHERN MINDANAO),24,6,11,20,19,41,0,3,1,2.41,293,59,20,36,7.85,32,201,322,555,1,10,8,19,11.05
2022-10,REGION XI (DAVAO REGION),18,3,11,24,8,21,0,3,0,1.59,1920,60,9,28,36.53,20,95,115,230,0,2,3,5,4.26
2022-10,REGION XII (SOCCKSARGEN),31,8,12,26,20,37,0,11,0,3.08,254,58,16,19,7.38,25,191,150,366,1,0,0,1,7.8
2022-10,REGION XIII (Caraga),14,3,5,11,17,25,1,5,0,2.82,166,46,16,19,8.59,12,98,130,240,0,2,1,3,8.45
2022-10,BANGSAMORO AUTONOMOUS REGION IN MUSLIM MINDANAO (BARMM),31,3,3,5,9,7,2,6,1,3.51,111,10,7,15,7.5,3,8,7,18,0,0,0,0,0.94
2022-10,CORDILLERA ADMINISTRATIVE REGION (CAR),5,3,7,7,8,28,2,0,1,1.38,64,17,1,6,1.99,5,31,98,134,0,1,0,1,3.05
2022-10,NATIONAL CAPITAL REGION (NCR),44,12,50,52,98,268,4,26,0,3.75,2092,396,34,55,17.42,32,1283,4332,5647,1,10,14,25,38.35
2022-11,REGION I (ILOCOS REGION),14,3,9,13,9,31,0,3,1,1.49,210,43,11,23,5.15,36,110,84,230,1,0,1,2,4.17
2022-11,REGION II (CAGAYAN VALLEY),8,3,5,23,9,14,2,10,0,1.94,170,49,11,19,6.51,29,84,136,249,1,0,2,3,6.59
2022-11,REGION III  (CENTRAL LUZON),22,7,27,48,39,81,2,14,5,1.97,763,162,19,33,7.86,45,589,980,1614,4,17,35,56,13.44
2022-11,REGION IV-A (CALABARZON),45,9,32,68,59,141,1,16,1,2.33,1672,327,34,69,13.16,53,445,1099,1597,3,8,6,17,10.11
2022-11,REGION IV-B (MIMAROPA),7,3,5,21,4,7,0,5,0,1.58,97,30,12,15,4.69,15,49,48,112,0,2,0,2,3.47
2022-11,REGION V (BICOL REGION),22,0,21,36,36,61,0,13,0,2.94,342,91,20,28,7.49,13,356,397,766,1,2,0,3,11.98
2022-11,REGION VI (WESTERN VISAYAS),33,16,49,38,21,70,0,8,0,2.81,385,225,30,68,8.48,44,332,615,991,0,1,0,1,11.88
2022-11,REGION VII (CENTRAL VISAYAS),31,8,65,26,41,121,0,8,2,3.69,1382,165,20,39,19.6,34,636,1027,1697,0,9,8,17,20.92
2022-11,REGION VIII (EASTERN VISAYAS),17,5,12,16,15,40,1,7,0,2.3,222,47,19,32,6.51,21,102,166,289,1,3,0,4,5.96
2022-11,REGION IX (ZAMBOANGA PENINSULA),29,3,13,14,13,15,0,7,0,2.34,179,29,9,31,6.17,14,109,116,239,0,1,0,1,5.97
2022-11,REGION X (NORTHERN MINDANAO),23,7,23,16,21,46,0,6,2,2.77,320,75,20,44,8.84,25,196,310,531,2,18,11,31,10.82
2022-11,REGION XI (DAVAO REGION),19,5,7,36,11,31,0,1,1,2.01,1538,68,3,19,29.49,18,102,118,238,1,1,1,3,4.37
2022-11,REGION XII (SOCCKSARGEN),24,10,5,23,8,28,0,3,3,2.21,217,42,7,15,5.97,21,221,176,418,0,2,0,2,8.93
2022-11,REGION XIII (Caraga),13,2,12,14,19,27,0,1,0,3.06,181,61,10,21,9.49,17,107,147,271,2,1,2,5,9.6
2022-11,BANGSAMORO AUTONOMOUS REGION IN MUSLIM MINDANAO (BARMM),36,1,6,2,4,6,0,3,0,3.04,83,14,8,20,6.55,3,8,1,12,1,0,0,1,0.68
2022-11,CORDILLERA ADMINISTRATIVE REGION (CAR),3,0,12,16,2,32,1,2,1,1.56,67,30,3,8,2.44,7,62,102,171,3,1,0,4,3.96
2022-11,NATIONAL CAPITAL REGION (NCR),28,12,52,76,89,265,5,30,1,3.77,1938,413,30,66,16.55,30,1379,4408,5817,0,12,34,46,39.64
2022-12,REGION I (ILOCOS REGION),8,4,14,14,12,32,1,2,0,1.56,123,49,8,25,3.68,41,152,133,326,1,1,3,5,5.95
2022-12,REGION II (CAGAYAN VALLEY),8,6,6,11,3,19,1,6,1,1.6,131,50,7,12,5.23,40,100,179,319,0,0,2,2,8.4
2022-12,REGION III  (CENTRAL LUZON),26,5,19,36,30,97,2,20,2,1.91,603,149,17,40,6.51,68,660,1241,1969,2,14,25,41,16.17
2022-12,REGION IV-A (CALABARZON),50,6,28,62,54,143,1,21,6,2.32,1583,286,25,71,12.31,78,567,1431,2076,2,6,6,14,13.09
2022-12,REGION IV-B (MIMAROPA),12,6,6,12,8,8,0,2,0,1.65,68,20,7,20,3.5,18,69,71,158,1,2,1,4,4.94
2022-12,REGION V (BICOL REGION),16,5,15,18,30,57,0,11,1,2.38,259,81,15,25,5.92,33,414,560,1007,0,1,1,2,15.71
2022-12,REGION VI (WESTERN VISAYAS),27,9,27,18,27,55,0,12,2,2.12,324,219,22,70,7.61,53,401,699,1153,0,11,5,16,14.0
2022-12,REGION VII (CENTRAL VISAYAS),30,3,65,26,29,97,0,11,1,3.2,1372,174,16,59,19.78,37,717,1107,1861,4,10,12,26,23.03
2022-12,REGION VIII (EASTERN VISAYAS),21,3,16,17,22,33,0,1,0,2.3,171,38,17,27,5.14,18,133,196,347,1,2,1,4,7.14
2022-12,REGION IX (ZAMBOANGA PENINSULA),14,2,11,16,10,17,0,7,0,1.92,149,21,11,30,5.25,14,118,123,255,0,2,0,2,6.39
2022-12,REGION X (NORTHERN MINDANAO),15,6,22,18,13,45,0,12,1,2.54,229,70,12,52,6.99,39,219,352,610,0,2,1,3,11.8
2022-12,REGION XI (DAVAO REGION),22,6,10,12,11,13,0,2,1,1.39,1347,61,4,15,25.85,32,111,110,253,1,2,2,5,4.67
2022-12,REGION XII (SOCCKSARGEN),22,8,8,12,10,25,1,5,2,1.98,186,43,12,30,5.76,38,233,155,426,0,0,0,0,9.06
2022-12,REGION XIII (Caraga),13,5,5,16,13,18,0,2,1,2.54,196,39,10,14,9.0,16,109,125,250,0,2,3,5,8.87
2022-12,BANGSAMORO AUTONOMOUS REGION IN MUSLIM MINDANAO (BARMM),36,1,4,3,2,5,1,3,0,2.88,57,6,9,14,4.51,6,10,1,17,0,0,0,0,0.89
2022-12,CORDILLERA ADMINISTRATIVE REGION (CAR),5,2,15,8,5,17,1,1,0,1.22,62,17,3,5,1.97,11,78,166,255,0,0,0,0,5.77
2022-12,NATIONAL CAPITAL REGION (NCR),16,11,53,58,82,213,7,17,5,3.12,1716,364,30,61,14.68,33,1420,4790,6243,0,15,24,39,42.48
2023-01,REGION I (ILOCOS REGION),13,0,10,19,9,30,1,8,0,1.62,200,49,3,26,4.99,27,147,138,312,1,1,2,4,5.68
2023-01,REGION II (CAGAYAN VALLEY),11,3,8,12,13,11,0,6,1,1.7,260,30,3,12,7.98,36,81,135,252,0,2,1,3,6.67
2023-01,REGION III  (CENTRAL LUZON),20,9,14,56,51,85,4,21,2,2.11,734,160,22,42,7.71,68,607,1153,1828,0,5,26,31,14.96
2023-01,REGION IV-A (CALABARZON),36,5,40,77,48,122,3,21,4,2.23,1704,277,22,60,12.92,50,484,1104,1638,1,4,6,11,10.33
2023-01,REGION IV-B (MIMAROPA),10,3,2,18,3,8,0,1,0,1.37,94,36,11,19,4.87,12,51,53,116,0,1,0,1,3.56
2023-01,REGION V (BICOL REGION),16,8,21,24,35,62,0,11,0,2.76,291,73,17,15,6.17,24,352,414,790,2,4,1,7,12.41
2023-01,REGION VI (WESTERN VISAYAS),35,11,19,31,17,51,0,9,1,2.08,352,165,24,47,7.04,35,321,555,911,1,1,1,3,10.95
2023-01,REGION VII (CENTRAL VISAYAS),32,4,36,39,32,116,3,7,0,3.28,1450,173,20,34,20.47,42,596,922,1560,2,13,9,24,19.33
2023-01,REGION VIII (EASTERN VISAYAS),15,3,13,17,13,23,0,2,0,1.75,221,29,18,25,5.96,16,92,143,251,0,2,0,2,5.14
2023-01,REGION IX (ZAMBOANGA PENINSULA),13,3,7,16,17,17,0,11,0,2.09,151,25,10,21,5.15,16,103,99,218,0,0,2,2,5.47
2023-01,REGION X (NORTHERN MINDANAO),30,4,15,23,18,41,0,7,1,2.68,331,78,15,31,8.76,31,199,290,520,0,2,3,5,10.11
2023-01,REGION XI (DAVAO REGION),14,4,8,21,8,16,0,5,2,1.41,1481,85,10,14,28.8,10,100,117,227,0,1,1,2,4.15
2023-01,REGION XII (SOCCKSARGEN),15,7,8,20,11,23,0,6,4,2.0,217,30,9,32,6.12,31,199,146,376,0,1,0,1,8.02
2023-01,REGION XIII (Caraga),15,2,2,20,12,20,0,3,0,2.57,226,29,8,19,9.8,10,101,130,241,0,2,1,3,8.48
2023-01,BANGSAMORO AUTONOMOUS REGION IN MUSLIM MINDANAO (BARMM),41,0,2,0,3,8,2,1,1,3.04,95,15,4,16,6.82,4,10,3,17,0,2,0,2,1.0
2023-01,CORDILLERA ADMINISTRATIVE REGION (CAR),5,0,5,11,6,15,0,0,1,0.97,50,25,1,8,1.9,6,64,145,215,1,0,2,3,4.93
2023-01,NATIONAL CAPITAL REGION (NCR),36,13,45,79,85,202,1,26,3,3.31,1955,421,29,51,16.61,34,1339,3996,5369,0,9,20,29,36.5
2023-02,REGION I (ILOCOS REGION),5,2,12,18,9,22,1,3,0,1.29,271,48,9,19,6.23,31,153,179,363,1,3,0,4,6.59
2023-02,REGION II (CAGAYAN VALLEY),8,1,6,13,4,12,0,4,0,1.26,198,38,5,13,6.64,20,66,119,205,0,0,0,0,5.36
2023-02,REGION III  (CENTRAL LUZON),19,7,17,67,44,87,2,16,3,2.11,697,154,23,36,7.32,41,486,1005,1532,2,13,21,36,12.62
2023-02,REGION IV-A (CALABARZON),45,11,32,65,45,137,1,25,2,2.27,1701,256,36,70,12.92,52,448,1020,1520,2,7,6,15,9.61
2023-02,REGION IV-B (MIMAROPA),4,1,6,18,6,13,1,2,2,1.61,96,38,7,11,4.63,10,60,61,131,0,0,0,0,3.99
2023-02,REGION V (BICOL REGION),9,6,22,30,25,64,0,4,1,2.51,258,69,10,13,5.45,10,316,418,744,0,0,2,2,11.62
2023-02,REGION VI (WESTERN VISAYAS),33,8,27,36,22,63,0,7,3,2.38,457,150,26,50,8.18,35,311,565,911,0,3,1,4,10.96
2023-02,REGION VII (CENTRAL VISAYAS),23,7,51,22,32,116,0,6,1,3.15,1369,135,17,32,18.95,32,557,869,1458,3,5,6,14,17.96
2023-02,REGION VIII (EASTERN VISAYAS),18,7,16,11,25,34,0,5,0,2.36,216,38,14,21,5.88,14,95,113,222,1,2,1,4,4.59
2023-02,REGION IX (ZAMBOANGA PENINSULA),22,5,12,29,12,18,0,8,1,2.66,187,32,7,22,6.17,12,108,95,215,1,1,1,3,5.42
2023-02,REGION X (NORTHERN MINDANAO),20,4,18,23,22,48,2,11,1,2.87,350,81,16,20,8.99,36,173,264,473,1,4,5,10,9.3
2023-02,REGION XI (DAVAO REGION),15,2,8,27,13,25,0,2,0,1.67,1387,68,5,22,26.84,19,102,109,230,1,5,9,15,4.44
2023-02,REGION XII (SOCCKSARGEN),21,9,10,18,11,20,1,4,0,2.0,209,47,9,24,6.14,25,174,108,307,0,0,0,0,6.53
2023-02,REGION XIII (Caraga),9,1,4,17,20,19,0,4,0,2.57,154,27,12,14,7.2,8,82,106,196,1,1,0,2,6.88
2023-02,BANGSAMORO AUTONOMOUS REGION IN MUSLIM MINDANAO (BARMM),34,3,9,2,6,6,1,2,0,3.3,79,8,4,18,5.71,6,11,5,22,0,0,0,0,1.15
2023-02,CORDILLERA ADMINISTRATIVE REGION (CAR),1,1,10,11,5,23,1,7,0,1.33,64,21,0,5,2.04,6,52,102,160,0,0,0,0,3.62
2023-02,NATIONAL CAPITAL REGION (NCR),18,5,59,72,75,244,3,29,2,3.43,2055,454,24,46,17.44,24,1216,4255,5495,0,6,22,28,37.34
2023-03,REGION I (ILOCOS REGION),11,1,9,23,9,22,0,3,0,1.4,245,64,11,18,6.07,39,141,150,330,1,1,1,3,5.98
2023-03,REGION II (CAGAYAN VALLEY),3,2,8,22,8,19,0,4,0,1.73,177,40,11,21,6.51,31,81,116,228,0,1,0,1,5.99
2023-03,REGION III  (CENTRAL LUZON),22,8,21,57,42,116,2,19,0,2.31,824,143,15,42,8.24,54,566,1209,1829,1,16,29,46,15.09
2023-03,REGION IV-A (CALABARZON),36,10,17,68,40,153,4,16,4,2.18,2018,256,32,57,14.8,48,489,1171,1708,0,3,5,8,10.75
2023-03,REGION IV-B (MIMAROPA),8,0,3,11,4,12,0,3,0,1.25,125,31,10,22,5.73,7,48,58,113,1,2,0,3,3.53
2023-03,REGION V (BICOL REGION),12,4,19,44,27,71,1,10,1,2.94,280,78,13,10,5.93,21,365,456,842,0,2,1,3,13.16
2023-03,REGION VI (WESTERN VISAYAS),22,12,25,23,19,67,1,4,1,2.08,529,166,20,71,9.42,35,342,574,951,0,5,2,7,11.48
2023-03,REGION VII (CENTRAL VISAYAS),25,5,58,23,28,105,0,3,0,3.01,1369,159,13,36,19.25,24,610,946,1580,0,7,10,17,19.49
2023-03,REGION VIII (EASTERN VISAYAS),9,8,8,14,14,37,2,2,0,1.91,246,46,7,24,6.57,15,92,168,275,0,1,0,1,5.61
2023-03,REGION IX (ZAMBOANGA PENINSULA),21,2,19,19,22,27,2,6,0,2.93,168,45,8,27,6.17,25,118,113,256,0,2,1,3,6.44
2023-03,REGION X (NORTHERN MINDANAO),24,7,11,19,13,66,0,7,4,2.91,357,69,14,25,8.95,37,209,281,527,0,2,0,2,10.18
2023-03,REGION XI (DAVAO REGION),21,2,11,25,19,17,2,1,2,1.81,1336,89,8,12,26.17,28,95,117,240,2,7,8,17,4.66
2023-03,REGION XII (SOCCKSARGEN),14,9,6,19,8,17,0,4,1,1.66,233,36,12,26,6.53,23,190,145,358,0,0,0,0,7.61
2023-03,REGION XIII (Caraga),15,1,6,17,23,25,0,5,1,3.23,204,38,5,17,9.18,13,107,135,255,2,3,2,7,9.11
2023-03,BANGSAMORO AUTONOMOUS REGION IN MUSLIM MINDANAO (BARMM),39,3,7,6,6,1,0,2,0,3.36,110,17,3,19,7.81,5,12,8,25,0,0,1,1,1.36
2023-03,CORDILLERA ADMINISTRATIVE REGION (CAR),4,4,12,10,3,15,0,0,0,1.09,64,12,3,7,1.94,13,51,85,149,1,1,0,2,3.41
2023-03,NATIONAL CAPITAL REGION (NCR),30,13,51,72,102,247,10,25,2,3.73,2085,491,27,55,17.97,38,1443,5047,6528,2,12,19,33,44.36
2023-04,REGION I (ILOCOS REGION),12,3,8,18,4,14,2,6,0,1.2,216,61,9,25,5.59,29,130,172,331,1,1,0,2,5.98
2023-04,REGION II (CAGAYAN VALLEY),9,3,4,17,11,15,0,8,0,1.75,160,44,6,18,5.96,23,72,114,209,0,1,0,1,5.49
2023-04,REGION III  (CENTRAL LUZON),14,4,21,50,50,93,1,23,1,2.07,868,191,24,34,8.99,38,620,1346,2004,2,18,44,64,16.64
2023-04,REGION IV-A (CALABARZON),43,12,33,56,37,141,5,24,2,2.21,1633,374,40,77,13.3,42,548,1303,1893,1,6,6,13,11.94
2023-04,REGION IV-B (MIMAROPA),9,3,7,19,6,21,0,1,0,2.01,133,38,8,15,5.91,23,61,63,147,0,1,1,2,4.54
2023-04,REGION V (BICOL REGION),19,3,15,33,41,79,3,12,1,3.21,367,85,10,32,7.69,25,328,457,810,1,4,2,7,12.72
2023-04,REGION VI (WESTERN VISAYAS),28,13,38,29,23,54,0,8,0,2.31,470,201,22,66,9.09,28,305,509,842,0,2,2,4,10.13
2023-04,REGION VII (CENTRAL VISAYAS),38,6,76,37,29,129,0,10,1,3.98,1718,167,17,44,23.75,38,608,892,1538,3,5,9,17,18.98
2023-04,REGION VIII (EASTERN VISAYAS),18,8,19,20,8,28,1,0,0,2.07,268,46,16,42,7.56,11,107,132,250,1,0,0,1,5.1
2023-04,REGION IX (ZAMBOANGA PENINSULA),22,4,15,13,19,35,0,8,0,2.88,169,40,12,26,6.14,18,113,107,238,1,0,1,2,5.97
2023-04,REGION X (NORTHERN MINDANAO),27,8,20,32,14,52,1,8,1,3.14,333,73,12,39,8.8,39,165,286,490,4,4,5,13,9.68
2023-04,REGION XI (DAVAO REGION),17,2,11,21,11,24,0,5,3,1.7,1368,81,12,18,26.79,19,87,104,210,0,12,10,22,4.2
2023-04,REGION XII (SOCCKSARGEN),21,4,7,19,15,19,1,7,2,2.02,212,43,10,23,6.12,25,186,137,348,0,0,0,0,7.4
2023-04,REGION XIII (Caraga),17,4,7,18,14,25,0,5,0,3.13,210,52,12,23,10.33,10,127,129,266,1,3,4,8,9.53
2023-04,BANGSAMORO AUTONOMOUS REGION IN MUSLIM MINDANAO (BARMM),44,1,4,3,5,7,1,3,0,3.56,95,13,2,13,6.45,1,6,5,12,1,0,0,1,0.68
2023-04,CORDILLERA ADMINISTRATIVE REGION (CAR),6,3,5,11,7,15,0,0,1,1.09,52,17,7,7,1.88,7,48,83,138,0,1,1,2,3.17
2023-04,NATIONAL CAPITAL REGION (NCR),23,4,45,59,95,244,2,25,0,3.36,2076,519,26,63,18.15,34,1334,4243,5611,0,5,13,18,38.06
2023-05,REGION I (ILOCOS REGION),12,4,15,20,9,24,1,6,2,1.67,254,58,7,17,6.03,31,129,144,304,0,1,0,1,5.48
2023-05,REGION II (CAGAYAN VALLEY),14,2,10,19,10,16,1,6,1,2.07,174,50,8,17,6.51,24,71,100,195,0,1,2,3,5.18
2023-05,REGION III  (CENTRAL LUZON),27,10,26,44,31,93,1,15,1,2.0,908,189,20,35,9.27,60,552,1257,1869,0,5,28,33,15.31
2023-05,REGION IV-A (CALABARZON),42,13,30,85,41,155,1,19,4,2.44,1881,334,43,71,14.59,55,520,1183,1758,0,8,9,17,11.12
2023-05,REGION IV-B (MIMAROPA),8,3,7,13,16,10,0,1,0,1.77,147,26,11,18,6.15,9,41,52,102,1,2,1,4,3.23
2023-05,REGION V (BICOL REGION),23,3,38,47,29,92,0,5,1,3.71,397,84,25,19,8.18,26,421,533,980,1,2,1,4,15.32
2023-05,REGION VI (WESTERN VISAYAS),26,17,24,34,30,60,0,3,1,2.34,466,175,31,79,9.0,43,291,515,849,0,3,2,5,10.23
2023-05,REGION VII (CENTRAL VISAYAS),30,5,63,32,38,123,0,12,0,3.7,1739,189,31,55,24.58,31,575,866,1472,2,14,7,23,18.25
2023-05,REGION VIII (EASTERN VISAYAS),18,4,10,21,13,29,0,3,1,2.01,244,51,11,43,7.1,20,139,177,336,1,7,0,8,6.99
2023-05,REGION IX (ZAMBOANGA PENINSULA),15,3,17,21,13,37,0,17,0,3.06,203,51,16,22,7.26,16,129,151,296,0,3,0,3,7.44
2023-05,REGION X (NORTHERN MINDANAO),30,8,24,21,9,46,1,3,1,2.75,364,93,8,32,9.57,30,207,325,562,1,2,6,9,10.99
2023-05,REGION XI (DAVAO REGION),22,8,11,29,12,22,1,2,1,1.96,1543,56,9,16,29.42,16,93,96,205,0,4,5,9,3.88
2023-05,REGION XII (SOCCKSARGEN),20,8,5,13,16,32,1,7,1,2.19,258,25,15,24,6.85,33,190,176,399,0,1,1,2,8.53
2023-05,REGION XIII (Caraga),11,0,9,23,9,29,0,5,0,2.99,280,57,10,33,13.21,12,127,147,286,0,2,0,2,10.01
2023-05,BANGSAMORO AUTONOMOUS REGION IN MUSLIM MINDANAO (BARMM),37,0,9,2,5,4,0,2,0,3.09,116,11,6,11,7.55,6,13,2,21,0,1,0,1,1.15
2023-05,CORDILLERA ADMINISTRATIVE REGION (CAR),1,0,5,8,6,20,0,2,1,0.97,66,16,5,8,2.15,4,36,67,107,2,0,1,3,2.49
2023-05,NATIONAL CAPITAL REGION (NCR),31,13,49,64,68,250,5,35,2,3.5,1959,467,41,51,17.03,23,1417,4803,6243,1,13,20,34,42.44
2023-06,REGION I (ILOCOS REGION),12,3,12,42,7,16,0,2,0,1.69,259,58,9,15,6.12,21,84,96,201,0,0,0,0,3.61
2023-06,REGION II (CAGAYAN VALLEY),6,2,25,21,8,18,0,8,2,2.35,165,74,5,16,6.8,27,79,97,203,0,0,0,0,5.31
2023-06,REGION III  (CENTRAL LUZON),26,5,25,65,35,87,1,13,1,2.08,820,188,23,25,8.5,48,554,1269,1871,0,1,0,1,15.06
2023-06,REGION IV-A (CALABARZON),29,11,33,107,45,136,3,20,2,2.42,1679,373,37,56,13.43,52,457,1116,1625,0,1,0,1,10.18
2023-06,REGION IV-B (MIMAROPA),10,1,17,33,14,17,0,3,1,2.92,122,67,14,25,6.95,14,48,51,113,0,0,0,0,3.44
2023-06,REGION V (BICOL REGION),12,3,37,44,41,70,0,15,0,3.46,380,140,21,21,8.75,25,351,459,835,1,4,2,7,13.11
2023-06,REGION VI (WESTERN VISAYAS),31,21,29,57,18,67,0,4,0,2.72,559,173,32,65,9.93,24,282,512,818,1,3,0,4,9.85
2023-06,REGION VII (CENTRAL VISAYAS),20,6,74,49,40,146,1,6,0,4.17,1546,209,22,44,22.22,31,543,736,1310,0,0,1,1,16.0
2023-06,REGION VIII (EASTERN VISAYAS),12,8,15,39,22,34,0,7,0,2.79,204,46,15,37,6.14,18,96,117,231,0,0,0,0,4.7
2023-06,REGION IX (ZAMBOANGA PENINSULA),24,2,13,41,28,33,0,14,0,3.85,177,54,12,28,6.74,7,64,83,154,0,1,0,1,3.85
2023-06,REGION X (NORTHERN MINDANAO),28,8,29,39,27,64,0,10,1,3.97,285,87,23,48,8.53,35,186,333,554,0,0,0,0,10.67
2023-06,REGION XI (DAVAO REGION),15,1,8,24,10,16,0,6,0,1.45,1860,72,7,16,35.41,16,98,109,223,0,0,0,0,4.04
2023-06,REGION XII (SOCCKSARGEN),22,6,8,35,14,26,0,7,2,2.55,175,41,7,17,5.1,18,191,180,389,0,0,0,0,8.27
2023-06,REGION XIII (Caraga),17,2,12,33,7,30,0,9,0,3.82,227,50,6,24,10.67,65,611,730,1406,0,0,0,0,48.88
2023-06,BANGSAMORO AUTONOMOUS REGION IN MUSLIM MINDANAO (BARMM),44,3,6,5,4,5,0,1,1,3.62,128,12,7,15,8.49,2,3,5,10,1,2,0,3,0.68
2023-06,CORDILLERA ADMINISTRATIVE REGION (CAR),4,2,13,18,8,15,0,3,0,1.42,71,27,7,6,2.51,4,32,83,119,0,0,0,0,2.69
2023-06,NATIONAL CAPITAL REGION (NCR),24,10,56,89,66,269,9,41,0,3.81,2005,502,34,54,17.55,19,1128,4138,5285,0,0,0,0,35.74
2023-07,REGION I (ILOCOS REGION),9,1,6,23,9,20,0,2,0,1.26,204,54,6,17,5.05,23,76,127,226,0,0,0,0,4.06
2023-07,REGION II (CAGAYAN VALLEY),12,2,6,12,6,27,0,8,2,1.96,179,57,4,24,6.91,26,53,89,168,0,1,0,1,4.42
2023-07,REGION III  (CENTRAL LUZON),19,5,23,65,43,88,0,14,0,2.07,750,171,19,42,7.9,48,495,1254,1797,1,8,23,32,14.72
2023-07,REGION IV-A (CALABARZON),45,11,33,77,35,162,8,30,2,2.52,1943,348,36,72,15.02,36,475,1149,1660,2,6,9,17,10.5
2023-07,REGION IV-B (MIMAROPA),2,2,5,21,16,21,0,1,0,2.07,109,27,16,19,5.21,19,54,73,146,2,0,2,4,4.57
2023-07,REGION V (BICOL REGION),19,5,32,41,32,67,2,19,2,3.41,292,92,14,23,6.56,31,356,487,874,2,2,1,5,13.69
2023-07,REGION VI (WESTERN VISAYAS),20,13,22,52,24,47,0,10,0,2.25,503,141,28,53,8.68,41,304,527,872,1,2,1,4,10.49
2023-07,REGION VII (CENTRAL VISAYAS),36,4,58,36,27,130,1,14,2,3.76,1435,171,23,44,20.42,26,519,771,1316,1,4,9,14,16.23
2023-07,REGION VIII (EASTERN VISAYAS),13,5,9,23,14,36,1,2,0,2.09,229,48,11,38,6.63,20,124,188,332,1,1,0,2,6.79
2023-07,REGION IX (ZAMBOANGA PENINSULA),24,5,12,30,11,27,0,10,0,2.96,185,42,9,24,6.47,12,123,131,266,0,1,1,2,6.67
2023-07,REGION X (NORTHERN MINDANAO),18,7,28,22,20,71,2,13,1,3.5,355,86,14,39,9.51,41,209,329,579,0,1,2,3,11.2
2023-07,REGION XI (DAVAO REGION),22,4,7,27,13,20,0,7,1,1.83,1757,85,7,16,33.78,21,96,110,227,0,0,4,4,4.18
2023-07,REGION XII (SOCCKSARGEN),16,3,7,22,10,18,0,4,4,1.79,198,29,6,27,5.53,25,177,187,389,0,1,0,1,8.29
2023-07,REGION XIII (Caraga),18,2,4,21,10,23,0,6,0,2.92,252,47,11,19,11.44,17,109,145,271,0,1,0,1,9.46
2023-07,BANGSAMORO AUTONOMOUS REGION IN MUSLIM MINDANAO (BARMM),41,3,9,3,6,6,3,5,0,3.98,115,16,2,17,7.86,2,8,3,13,0,0,0,0,0.68
2023-07,CORDILLERA ADMINISTRATIVE REGION (CAR),5,3,7,14,9,18,0,1,0,1.29,54,26,3,5,1.99,4,40,91,135,0,0,1,1,3.08
2023-07,NATIONAL CAPITAL REGION (NCR),44,8,48,90,99,238,2,25,1,3.75,1858,421,39,60,16.08,23,1229,4593,5845,5,16,27,48,39.85
2023-08,REGION I (ILOCOS REGION),11,4,7,21,5,21,0,6,2,1.38,144,50,5,15,3.84,23,81,103,207,0,1,0,1,3.74
2023-08,REGION II (CAGAYAN VALLEY),10,6,5,7,12,15,0,7,2,1.67,173,45,6,21,6.41,30,72,108,210,1,2,1,4,5.6
2023-08,REGION III  (CENTRAL LUZON),23,6,18,50,36,125,2,21,2,2.28,765,147,24,46,7.9,53,500,1160,1713,2,11,27,40,14.11
2023-08,REGION IV-A (CALABARZON),40,14,17,65,50,131,1,15,3,2.1,1904,317,56,67,14.68,73,450,1167,1690,1,5,8,14,10.67
2023-08,REGION IV-B (MIMAROPA),7,2,4,9,13,14,0,3,0,1.58,157,40,8,19,6.82,15,72,76,163,2,1,2,5,5.12
2023-08,REGION V (BICOL REGION),14,4,20,29,29,76,0,6,2,2.8,309,89,13,34,6.93,32,335,575,942,1,3,4,8,14.79
2023-08,REGION VI (WESTERN VISAYAS),35,11,20,24,20,57,0,4,1,2.06,458,142,26,57,8.18,36,268,467,771,1,3,3,7,9.32
2023-08,REGION VII (CENTRAL VISAYAS),26,5,52,21,21,109,0,8,2,2.98,1404,164,19,40,19.86,26,568,879,1473,1,1,0,2,18.0
2023-08,REGION VIII (EASTERN VISAYAS),22,6,9,15,18,27,0,2,3,2.07,158,37,8,33,4.8,16,120,159,295,1,1,2,4,6.08
2023-08,REGION IX (ZAMBOANGA PENINSULA),14,4,19,16,18,35,0,9,0,2.86,176,34,11,23,6.07,10,94,153,257,0,0,0,0,6.39
2023-08,REGION X (NORTHERN MINDANAO),14,7,19,16,12,43,0,8,0,2.29,293,70,19,30,7.93,22,217,348,587,0,1,4,5,11.4
2023-08,REGION XI (DAVAO REGION),23,2,9,20,8,16,0,1,0,1.43,1517,76,5,13,29.18,16,73,92,181,0,2,0,2,3.31
2023-08,REGION XII (SOCCKSARGEN),20,6,7,9,12,26,0,5,0,1.81,194,19,6,26,5.21,16,123,124,263,0,1,0,1,5.61
2023-08,REGION XIII (Caraga),8,2,11,23,13,23,0,2,4,2.99,184,41,10,19,8.83,7,85,125,217,2,3,3,8,7.82
2023-08,BANGSAMORO AUTONOMOUS REGION IN MUSLIM MINDANAO (BARMM),27,2,10,4,4,6,0,2,0,2.88,110,22,3,10,7.6,5,6,2,13,1,1,1,3,0.84
2023-08,CORDILLERA ADMINISTRATIVE REGION (CAR),2,3,4,7,10,14,0,3,0,0.97,59,22,4,7,2.08,4,36,66,106,0,0,0,0,2.4
2023-08,NATIONAL CAPITAL REGION (NCR),27,8,50,71,93,270,6,26,3,3.75,2049,436,26,50,17.32,20,1213,4996,6229,4,8,22,34,42.35
2023-09,REGION I (ILOCOS REGION),8,4,4,14,4,19,0,3,0,1.01,150,42,8,17,3.9,30,82,95,207,0,0,1,1,3.74
2023-09,REGION II (CAGAYAN VALLEY),16,3,3,12,8,11,0,4,0,1.49,159,40,9,17,5.89,24,63,96,183,0,0,0,0,4.79
2023-09,REGION III  (CENTRAL LUZON),20,9,22,40,47,103,2,19,1,2.12,744,170,16,29,7.72,41,420,983,1444,2,9,13,24,11.81
2023-09,REGION IV-A (CALABARZON),33,7,29,41,63,134,1,27,1,2.1,1840,301,41,67,14.08,46,471,1061,1578,2,3,8,13,9.96
2023-09,REGION IV-B (MIMAROPA),5,2,14,11,8,13,0,1,0,1.65,135,28,7,15,5.64,9,54,68,131,0,0,0,0,3.99
2023-09,REGION V (BICOL REGION),12,0,19,30,32,65,0,6,0,2.55,246,96,13,20,5.84,29,369,514,912,2,3,1,6,14.3
2023-09,REGION VI (WESTERN VISAYAS),30,12,14,31,20,42,0,6,1,1.87,508,127,22,56,8.54,27,292,472,791,0,3,4,7,9.56
2023-09,REGION VII (CENTRAL VISAYAS),33,8,47,26,47,115,0,12,2,3.54,1548,144,21,35,21.33,31,542,817,1390,0,10,4,14,17.13
2023-09,REGION VIII (EASTERN VISAYAS),18,6,11,11,15,41,0,11,0,2.3,170,66,16,30,5.73,16,114,162,292,0,5,1,6,6.06
2023-09,REGION IX (ZAMBOANGA PENINSULA),17,2,12,17,11,34,0,2,0,2.36,197,33,11,23,6.57,14,100,118,232,1,3,3,7,5.94
2023-09,REGION X (NORTHERN MINDANAO),18,5,20,11,22,41,0,4,0,2.33,317,61,20,28,8.2,34,192,318,544,0,1,3,4,10.55
2023-09,REGION XI (DAVAO REGION),10,3,13,14,7,18,0,1,3,1.25,1599,72,6,9,30.54,18,89,99,206,2,0,0,2,3.77
2023-09,REGION XII (SOCCKSARGEN),16,4,10,11,11,21,0,6,1,1.7,169,30,9,23,4.91,20,198,183,401,0,0,0,0,8.53
2023-09,REGION XIII (Caraga),14,2,10,14,9,22,0,3,0,2.57,209,47,11,18,9.91,15,95,134,244,1,1,2,4,8.62
2023-09,BANGSAMORO AUTONOMOUS REGION IN MUSLIM MINDANAO (BARMM),33,2,9,5,6,3,0,3,2,3.3,76,17,4,13,5.77,2,8,1,11,1,0,0,1,0.63
2023-09,CORDILLERA ADMINISTRATIVE REGION (CAR),4,2,4,12,2,15,0,0,0,0.88,61,16,1,6,1.9,5,35,51,91,1,2,0,3,2.13
2023-09,NATIONAL CAPITAL REGION (NCR),31,9,48,36,102,292,8,24,0,3.72,2084,392,28,58,17.32,26,1364,4874,6264,0,6,23,29,42.55
