Place,Year-Month,Number of Registered Births,Number of Registered Marriages,Index: Focus - Murder,Index: Focus - Homicide,Index: Focus - Physical Injury,Index: Focus - Rape,Index: Focus - Robbery,Index: Focus - Theft,Index: Focus - Carnapping MV,Index: Focus - Carnapping MC,Index - Special Complex Crimes,Non-Index - Violation of Special Laws,Non-Index - Other Crimes,Non-Index - Attempted Stages Focus Crimes,Non-Index - Frustrated Stages Focus Crimes,PSI: RIR - Homicide,PSI: RIR - Physical Injury,PSI: RIR - Damage to Property,PSI: RIR - Vehicular Accident,PSI: Quasi - Homicide,PSI: Quasi - Physical Injury,PSI: Quasi - Damage to Property,PSI: Quasi - Other Offenses,Average Monthly Crime Rate,Percent Urban
NATIONAL CAPITAL REGION (NCR),2022-01,13254,2822,23,14,58,84,113,219,12,27,4,2036,426,32,55,44,1036,2627,3707,3,6,8,17,46.16,100.0
CORDILLERA ADMINISTRATIVE REGION (CAR),2022-01,2155,753,2,1,10,10,7,16,0,5,0,65,35,2,7,8,52,100,160,0,1,1,2,7.28,33.3
REGION I (ILOCOS REGION),2022-01,5525,2096,8,2,16,16,7,26,1,2,0,264,67,13,21,32,133,99,264,1,1,1,3,12.75,25.5
REGION II (CAGAYAN VALLEY),2022-01,4001,971,8,0,7,22,4,10,1,2,0,257,40,11,14,31,88,104,223,0,2,2,4,15.77,19.5
REGION III (CENTRAL LUZON),2022-01,14213,3557,24,6,26,52,50,99,1,22,3,1086,222,23,34,53,486,695,1234,1,13,10,24,23.38,66.3
REGION IV-A (CALABARZON),2022-01,18273,4883,54,8,47,91,61,131,5,33,4,1794,310,30,69,59,425,979,1463,0,2,7,9,25.73,70.5
REGION IV-B (MIMAROPA),2022-01,3732,824,10,4,2,14,6,9,0,3,1,146,37,5,17,16,40,27,83,2,1,3,6,10.45,35.2
REGION V (BICOL REGION),2022-01,8150,2019,31,1,16,39,23,42,0,5,1,372,84,12,19,17,225,336,578,1,6,4,11,19.22,23.8
REGION VI (WESTERN VISAYAS),2022-01,7485,2369,35,11,33,32,24,49,0,1,0,408,169,23,43,40,281,498,819,2,7,9,18,19.94,42.2
REGION VII (CENTRAL VISAYAS),2022-01,9934,3083,30,4,85,33,32,89,1,6,2,1071,207,18,43,25,597,683,1305,3,12,7,22,35.98,51.9
REGION VIII (EASTERN VISAYAS),2022-01,5381,1358,12,4,11,15,12,26,0,0,0,295,43,13,22,22,96,103,221,3,1,0,4,13.78,14.7
REGION IX (ZAMBOANGA PENINSULA),2022-01,4533,1356,20,1,9,28,7,22,0,7,1,183,36,6,21,21,110,97,228,1,0,0,1,14.18,38.4
REGION X (NORTHERN MINDANAO),2022-01,6662,1666,16,1,14,29,15,43,2,10,0,355,68,16,22,28,195,319,542,1,5,2,8,21.97,50.3
REGION XI (DAVAO REGION),2022-01,6461,1964,23,2,27,32,21,16,0,2,1,477,1103,8,19,22,64,81,167,0,7,3,10,34.56,66.8
REGION XII (SOCCSKSARGEN),2022-01,5931,1577,19,11,12,30,14,23,0,2,1,316,36,13,11,16,170,133,319,0,0,1,1,17.18,55.5
REGION XIII (Caraga),2022-01,3443,744,15,0,4,17,17,21,0,7,1,158,40,9,19,14,93,112,219,2,3,1,6,18.53,36.6
BANGSAMORO AUTONOMOUS REGION IN MUSLIM MINDANAO (BARMM),2022-01,3587,463,35,0,9,7,2,7,0,2,2,122,22,7,15,3,7,3,13,0,1,0,1,12.79,27.6
NATIONAL CAPITAL REGION (NCR),2022-02,11025,9032,26,11,56,57,84,211,1,31,2,2219,458,28,58,32,992,3050,4074,0,7,7,14,49.56,100.0
CORDILLERA ADMINISTRATIVE REGION (CAR),2022-02,1866,853,4,1,2,10,11,9,0,1,1,82,24,1,7,10,44,64,118,0,1,3,4,6.22,33.3
REGION I (ILOCOS REGION),2022-02,4473,2680,9,2,13,22,8,16,0,5,1,254,47,8,13,32,116,104,252,0,0,1,1,11.69,25.5
REGION II (CAGAYAN VALLEY),2022-02,3376,2011,2,4,8,16,3,14,1,5,1,280,50,3,8,21,73,102,196,0,1,0,1,15.48,19.5
REGION III (CENTRAL LUZON),2022-02,11492,6338,20,4,26,41,56,96,4,12,1,1071,205,19,36,43,416,662,1121,0,3,18,21,21.99,66.3
REGION IV-A (CALABARZON),2022-02,14807,6814,44,5,38,56,77,165,4,25,1,1770,300,26,67,45,415,1057,1517,0,4,5,9,25.7,70.5
REGION IV-B (MIMAROPA),2022-02,2988,1758,4,3,6,6,8,10,0,1,0,178,29,11,13,9,34,24,67,1,2,1,4,10.36,35.2
REGION V (BICOL REGION),2022-02,6320,3079,11,1,11,33,22,70,0,3,0,329,75,16,14,17,251,309,577,2,5,1,8,18.22,23.8
REGION VI (WESTERN VISAYAS),2022-02,6091,3409,23,11,18,37,21,33,0,3,0,363,181,18,62,31,257,499,787,1,3,5,9,18.76,42.2
REGION VII (CENTRAL VISAYAS),2022-02,8320,2972,23,5,47,21,18,87,0,5,3,1405,158,22,31,17,499,523,1039,2,8,6,16,35.15,51.9
REGION VIII (EASTERN VISAYAS),2022-02,4481,2605,14,2,13,8,16,26,0,2,0,282,43,11,23,12,62,62,136,0,1,1,2,11.75,14.7
REGION IX (ZAMBOANGA PENINSULA),2022-02,3800,1886,19,2,10,11,4,16,0,6,0,191,27,6,28,14,89,92,195,0,0,0,0,12.81,38.4
REGION X (NORTHERN MINDANAO),2022-02,5562,2855,25,3,15,11,18,40,0,12,0,350,56,12,39,25,169,294,488,0,2,2,4,20.66,50.3
REGION XI (DAVAO REGION),2022-02,5272,2150,15,4,6,20,10,27,0,0,0,509,1173,7,9,17,60,103,180,0,0,0,0,35.5,66.8
REGION XII (SOCCSKSARGEN),2022-02,5016,2002,7,16,5,13,8,21,0,8,0,298,38,10,16,30,174,114,318,0,0,0,0,16.12,55.5
REGION XIII (Caraga),2022-02,2815,1594,16,3,9,12,13,14,1,6,0,199,24,11,12,14,96,99,209,0,0,1,1,18.43,36.6
BANGSAMORO AUTONOMOUS REGION IN MUSLIM MINDANAO (BARMM),2022-02,3231,388,24,2,3,4,10,0,0,3,0,104,16,4,6,3,6,1,10,0,0,0,0,9.75,27.6
NATIONAL CAPITAL REGION (NCR),2022-03,11533,5330,26,19,80,73,104,270,8,45,2,2511,448,25,68,33,1205,3625,4863,1,4,12,17,57.87,100.0
CORDILLERA ADMINISTRATIVE REGION (CAR),2022-03,2013,1115,5,0,14,14,4,20,0,3,1,70,20,1,1,12,53,81,146,0,0,1,1,6.78,33.3
REGION I (ILOCOS REGION),2022-03,4909,2287,14,3,17,22,14,21,1,3,0,219,51,9,17,21,103,85,209,0,2,1,3,10.83,25.5
REGION II (CAGAYAN VALLEY),2022-03,3672,1912,12,3,5,13,9,10,0,1,0,173,53,7,13,23,91,126,240,0,1,3,4,14.2,19.5
REGION III (CENTRAL LUZON),2022-03,12753,4646,20,3,24,55,42,103,1,13,4,1059,192,21,41,45,480,932,1457,2,17,19,38,24.73,66.3
REGION IV-A (CALABARZON),2022-03,15704,6367,37,10,37,67,63,156,1,33,2,1835,340,32,60,58,467,1208,1733,1,4,7,12,27.67,70.5
REGION IV-B (MIMAROPA),2022-03,3208,1329,12,2,5,17,8,11,0,1,1,132,34,9,11,11,39,37,87,2,0,1,3,10.14,35.2
REGION V (BICOL REGION),2022-03,6744,2788,17,3,19,39,26,68,0,8,0,295,77,15,23,23,245,352,620,1,7,6,14,19.06,23.8
REGION VI (WESTERN VISAYAS),2022-03,6748,2959,32,15,38,33,31,70,0,3,0,375,183,23,61,40,313,514,867,0,0,7,7,20.82,42.2
REGION VII (CENTRAL VISAYAS),2022-03,8846,2939,24,6,75,24,28,105,4,8,0,1325,135,16,44,30,553,657,1240,1,4,5,10,37.15,51.9
REGION VIII (EASTERN VISAYAS),2022-03,4626,1550,20,2,10,16,16,20,1,2,1,155,35,12,32,10,56,78,144,2,0,0,2,9.52,14.7
REGION IX (ZAMBOANGA PENINSULA),2022-03,4458,1602,11,6,11,12,3,11,0,5,0,174,40,7,25,15,69,86,170,1,2,0,3,11.89,38.4
REGION X (NORTHERN MINDANAO),2022-03,6042,2909,20,5,18,16,27,46,1,7,0,303,67,20,28,32,192,358,582,1,1,0,2,21.98,50.3
REGION XI (DAVAO REGION),2022-03,5671,2202,25,1,7,17,10,37,0,2,2,633,1372,13,20,13,74,117,204,1,1,0,2,42.48,66.8
REGION XII (SOCCSKSARGEN),2022-03,5713,1517,13,8,12,18,7,31,0,2,1,241,36,6,29,24,204,148,376,0,0,1,1,16.61,55.5
REGION XIII (Caraga),2022-03,3042,1063,18,3,7,16,11,14,0,6,1,184,39,9,28,25,104,128,257,0,0,0,0,20.62,36.6
BANGSAMORO AUTONOMOUS REGION IN MUSLIM MINDANAO (BARMM),2022-03,3429,490,22,0,7,4,8,2,0,1,1,69,7,8,10,5,8,2,15,0,2,0,2,8.18,27.6
NATIONAL CAPITAL REGION (NCR),2022-04,11641,4047,30,16,58,62,104,261,7,43,2,2179,450,33,60,33,1123,3578,4734,0,5,12,17,54.47,100.0
CORDILLERA ADMINISTRATIVE REGION (CAR),2022-04,1947,1725,5,3,12,9,8,12,1,1,1,80,18,2,6,9,38,87,134,0,0,0,0,6.6,33.3
REGION I (ILOCOS REGION),2022-04,4718,3522,12,3,9,24,6,14,0,7,0,212,59,11,19,24,99,99,222,1,3,2,6,10.85,25.5
REGION II (CAGAYAN VALLEY),2022-04,3382,3980,4,3,6,21,7,17,2,5,1,187,47,8,17,27,100,119,246,1,1,2,4,15.04,19.5
REGION III (CENTRAL LUZON),2022-04,11825,5995,19,5,22,47,48,97,3,14,3,891,165,19,41,42,502,823,1367,0,21,32,53,22.48,66.3
REGION IV-A (CALABARZON),2022-04,14545,6122,49,8,35,54,55,172,3,26,3,1789,321,36,66,53,492,1232,1777,1,2,6,9,27.57,70.5
REGION IV-B (MIMAROPA),2022-04,3143,1714,6,1,5,13,8,12,0,0,0,118,28,10,18,16,46,39,101,1,1,1,3,9.84,35.2
REGION V (BICOL REGION),2022-04,6747,3706,18,2,19,23,27,63,0,7,1,244,87,13,28,17,285,416,718,0,0,4,4,19.53,23.8
REGION VI (WESTERN VISAYAS),2022-04,6560,2792,24,12,26,29,16,53,1,5,1,330,159,18,50,25,237,528,790,2,2,7,11,18.27,42.2
REGION VII (CENTRAL VISAYAS),2022-04,8407,2772,16,8,51,29,36,117,1,4,0,1313,171,24,34,33,538,766,1337,1,8,3,12,38.48,51.9
REGION VIII (EASTERN VISAYAS),2022-04,4698,1287,14,1,7,23,17,25,0,4,0,202,36,20,17,11,64,88,163,0,1,0,1,10.78,14.7
REGION IX (ZAMBOANGA PENINSULA),2022-04,4501,1097,22,3,13,21,8,23,0,5,0,199,34,8,15,15,73,68,156,0,1,0,1,12.63,38.4
REGION X (NORTHERN MINDANAO),2022-04,5675,1644,23,5,18,21,12,50,0,16,1,369,79,19,36,31,151,293,475,0,2,3,5,21.73,50.3
REGION XI (DAVAO REGION),2022-04,5849,1775,21,2,8,21,19,21,1,4,1,551,1712,8,15,25,72,80,177,0,1,2,3,46.44,66.8
REGION XII (SOCCSKSARGEN),2022-04,5697,1233,15,9,7,12,11,25,1,8,1,310,42,10,18,28,205,131,364,0,1,0,1,17.73,55.5
REGION XIII (Caraga),2022-04,2974,1012,16,3,4,11,13,14,1,0,0,130,33,14,18,10,95,137,242,0,3,0,3,17.45,36.6
BANGSAMORO AUTONOMOUS REGION IN MUSLIM MINDANAO (BARMM),2022-04,3396,177,27,0,7,1,3,5,0,1,1,58,15,4,11,1,8,2,11,0,0,0,0,7.55,27.6
NATIONAL CAPITAL REGION (NCR),2022-05,12661,3803,29,8,47,65,85,238,5,40,1,1704,369,22,52,44,1157,3812,5013,0,5,5,10,51.98,100.0
CORDILLERA ADMINISTRATIVE REGION (CAR),2022-05,1887,835,2,0,9,8,1,12,0,5,0,71,17,1,4,12,31,64,107,0,1,4,5,5.47,33.3
REGION I (ILOCOS REGION),2022-05,4537,2074,12,4,16,27,5,15,1,3,0,145,55,9,19,40,101,103,244,0,3,0,3,10.02,25.5
REGION II (CAGAYAN VALLEY),2022-05,3269,1881,11,3,10,20,7,10,2,6,1,177,52,10,11,34,75,103,212,0,2,1,3,13.99,19.5
REGION III (CENTRAL LUZON),2022-05,12322,4176,20,3,21,68,35,88,1,12,1,805,190,24,43,52,509,856,1417,2,11,29,42,22.29,66.3
REGION IV-A (CALABARZON),2022-05,15045,5133,43,8,38,80,53,166,4,36,5,1529,319,32,71,54,475,1221,1750,2,3,5,10,25.95,70.5
REGION IV-B (MIMAROPA),2022-05,3178,1853,7,0,2,10,4,7,0,1,3,106,29,8,20,9,50,44,103,1,1,0,2,9.2,35.2
REGION V (BICOL REGION),2022-05,7113,2444,22,5,29,33,25,73,0,7,0,234,100,12,27,24,359,455,838,1,9,6,16,22.13,23.8
REGION VI (WESTERN VISAYAS),2022-05,6550,3107,28,12,29,21,26,56,1,5,0,316,144,25,35,33,323,573,929,1,3,7,11,19.62,42.2
REGION VII (CENTRAL VISAYAS),2022-05,8822,3967,29,6,67,26,28,104,1,12,1,1099,206,23,46,32,663,822,1517,0,16,8,24,38.92,51.9
REGION VIII (EASTERN VISAYAS),2022-05,4906,1530,35,7,16,20,13,19,0,3,1,174,40,19,47,21,126,139,286,0,5,1,6,13.95,14.7
REGION IX (ZAMBOANGA PENINSULA),2022-05,4530,1289,19,8,17,16,9,17,0,8,0,159,49,17,23,20,101,105,226,0,0,2,2,14.18,38.4
REGION X (NORTHERN MINDANAO),2022-05,6344,1767,26,3,22,25,20,46,0,14,0,282,81,21,34,31,221,369,621,0,1,1,2,23.04,50.3
REGION XI (DAVAO REGION),2022-05,5935,1685,23,0,8,26,6,30,0,2,1,446,1087,10,15,27,100,116,243,0,0,1,1,34.38,66.8
REGION XII (SOCCSKSARGEN),2022-05,5719,1118,12,4,11,8,5,25,0,6,1,277,51,11,24,27,201,117,345,0,1,1,2,16.63,55.5
REGION XIII (Caraga),2022-05,3180,900,30,3,12,22,9,19,1,5,1,125,34,15,23,19,122,130,271,0,1,0,1,19.85,36.6
BANGSAMORO AUTONOMOUS REGION IN MUSLIM MINDANAO (BARMM),2022-05,3536,286,39,3,28,4,3,7,0,4,1,68,41,10,22,7,12,3,22,0,0,0,0,13.21,27.6
NATIONAL CAPITAL REGION (NCR),2022-06,13019,4456,34,6,53,62,103,291,4,32,1,2230,412,25,51,27,1216,3803,5046,0,10,4,14,56.55,100.0
CORDILLERA ADMINISTRATIVE REGION (CAR),2022-06,1820,661,7,1,3,3,4,20,3,4,0,81,13,3,8,6,33,84,123,0,0,0,0,6.17,33.3
REGION I (ILOCOS REGION),2022-06,4719,2007,12,4,13,31,9,22,0,3,2,217,55,6,18,33,88,81,202,1,0,1,2,10.7,25.5
REGION II (CAGAYAN VALLEY),2022-06,3340,1345,8,2,4,16,6,12,0,4,0,217,30,10,20,21,70,120,211,3,4,3,10,14.39,19.5
REGION III (CENTRAL LUZON),2022-06,12725,4531,14,6,24,63,39,111,5,20,0,974,173,18,31,40,436,829,1305,3,11,31,45,22.76,66.3
REGION IV-A (CALABARZON),2022-06,17106,6124,41,11,33,68,55,163,3,17,2,1751,314,37,63,44,397,1079,1520,1,8,7,16,25.64,70.5
REGION IV-B (MIMAROPA),2022-06,3039,1121,9,3,1,9,7,7,0,0,0,150,22,9,14,13,37,31,81,0,1,0,1,9.54,35.2
REGION V (BICOL REGION),2022-06,7139,3125,20,1,16,34,16,72,0,5,1,294,71,13,32,16,290,363,669,1,6,6,13,19.57,23.8
REGION VI (WESTERN VISAYAS),2022-06,6431,3062,33,9,43,28,34,69,0,7,1,347,164,33,58,37,262,533,832,1,7,10,18,20.08,42.2
REGION VII (CENTRAL VISAYAS),2022-06,9449,4273,25,4,68,19,31,135,2,12,2,1203,169,25,26,36,602,834,1472,1,9,5,15,39.15,51.9
REGION VIII (EASTERN VISAYAS),2022-06,5132,1657,27,5,15,21,14,31,0,4,2,217,46,13,40,23,141,157,321,1,2,1,4,15.45,14.7
REGION IX (ZAMBOANGA PENINSULA),2022-06,4397,1243,23,2,14,16,8,30,0,4,0,192,32,5,24,17,108,75,200,0,0,1,1,13.7,38.4
REGION X (NORTHERN MINDANAO),2022-06,6655,2147,34,1,17,12,11,45,0,7,0,299,64,19,29,34,184,317,535,0,12,8,20,21.04,50.3
REGION XI (DAVAO REGION),2022-06,6031,2388,25,2,12,22,10,19,0,2,3,500,1220,13,17,17,69,105,191,0,0,1,1,36.9,66.8
REGION XII (SOCCSKSARGEN),2022-06,5579,1683,24,11,7,12,21,25,1,3,0,293,35,6,23,26,192,109,327,0,1,0,1,16.78,55.5
REGION XIII (Caraga),2022-06,3201,1367,23,2,5,13,11,20,0,2,0,128,48,16,21,18,133,149,300,1,0,2,3,20.58,36.6
BANGSAMORO AUTONOMOUS REGION IN MUSLIM MINDANAO (BARMM),2022-06,3282,408,38,1,6,2,7,2,1,6,1,62,12,10,21,1,11,1,13,2,0,0,2,9.65,27.6
NATIONAL CAPITAL REGION (NCR),2022-07,13358,3854,32,11,55,74,102,242,4,32,3,2193,470,34,50,34,1202,3910,5146,1,13,21,35,57.36,100.0
CORDILLERA ADMINISTRATIVE REGION (CAR),2022-07,2065,573,2,2,13,7,6,18,0,2,1,60,30,1,10,4,42,95,141,0,0,1,1,6.65,33.3
REGION I (ILOCOS REGION),2022-07,4778,1329,13,3,14,18,12,31,0,3,1,341,49,8,21,27,101,106,234,0,1,5,6,13.54,25.5
REGION II (CAGAYAN VALLEY),2022-07,4042,1064,6,3,7,12,12,12,0,7,0,194,66,7,17,22,83,110,215,1,1,1,3,14.67,19.5
REGION III (CENTRAL LUZON),2022-07,14606,3047,24,6,24,39,61,104,7,22,4,988,178,20,46,45,506,941,1492,1,17,25,43,24.61,66.3
REGION IV-A (CALABARZON),2022-07,18488,4480,52,10,29,64,52,163,2,22,3,1850,336,54,59,40,417,1055,1512,0,2,2,4,26.38,70.5
REGION IV-B (MIMAROPA),2022-07,3223,880,10,3,3,11,11,9,0,2,0,151,46,15,21,12,40,45,97,0,0,0,0,11.55,35.2
REGION V (BICOL REGION),2022-07,7994,1524,16,7,18,34,25,66,0,6,0,275,60,13,16,17,249,375,641,0,6,3,9,18.47,23.8
REGION VI (WESTERN VISAYAS),2022-07,7219,2205,14,10,33,22,41,75,1,2,0,340,170,33,49,27,276,556,859,2,4,11,17,19.96,42.2
REGION VII (CENTRAL VISAYAS),2022-07,10148,3036,26,8,68,30,42,138,2,6,3,1385,182,26,38,32,618,912,1562,0,5,3,8,43.01,51.9
REGION VIII (EASTERN VISAYAS),2022-07,5601,1084,17,2,12,14,15,35,1,4,1,229,38,13,31,17,101,134,252,1,3,1,5,13.6,14.7
REGION IX (ZAMBOANGA PENINSULA),2022-07,4591,1133,15,2,9,13,9,18,0,3,0,178,38,11,20,21,77,99,197,0,0,0,0,12.76,38.4
REGION X (NORTHERN MINDANAO),2022-07,6655,1680,16,3,21,17,24,59,1,4,1,318,59,15,38,24,225,397,646,2,8,6,16,23.83,50.3
REGION XI (DAVAO REGION),2022-07,6188,1867,18,6,9,24,10,29,0,2,1,489,1861,11,11,25,65,119,209,0,0,1,1,48.56,66.8
REGION XII (SOCCSKSARGEN),2022-07,6079,1094,16,6,6,18,4,21,0,6,2,266,39,5,16,27,188,120,335,0,1,0,1,15.75,55.5
REGION XIII (Caraga),2022-07,3421,968,10,4,12,11,17,24,1,2,0,188,62,12,24,12,122,149,283,3,1,1,5,22.77,36.6
BANGSAMORO AUTONOMOUS REGION IN MUSLIM MINDANAO (BARMM),2022-07,3187,267,37,3,2,5,1,4,1,0,0,76,21,3,21,0,9,2,11,1,2,0,3,9.86,27.6
NATIONAL CAPITAL REGION (NCR),2022-08,14444,3660,20,11,40,74,94,267,5,36,4,1721,428,30,53,36,1140,4153,5329,0,8,13,21,54.99,100.0
CORDILLERA ADMINISTRATIVE REGION (CAR),2022-08,2252,542,6,4,3,9,6,14,2,2,0,80,18,3,6,6,42,108,156,1,0,0,1,7.01,33.3
REGION I (ILOCOS REGION),2022-08,3333,1054,9,1,4,27,11,19,0,3,1,233,41,11,19,25,86,93,204,0,1,0,1,10.49,25.5
REGION II (CAGAYAN VALLEY),2022-08,4531,1045,9,3,4,10,7,16,1,12,1,159,44,12,16,27,75,110,212,0,1,2,3,13.31,19.5
REGION III (CENTRAL LUZON),2022-08,15779,2821,34,9,17,43,54,98,0,18,5,837,138,34,35,48,481,1003,1532,3,13,36,52,23.38,66.3
REGION IV-A (CALABARZON),2022-08,20106,2875,46,5,38,51,52,136,4,13,3,1675,291,37,40,34,422,1120,1576,1,3,7,11,24.91,70.5
REGION IV-B (MIMAROPA),2022-08,3632,670,6,1,3,8,4,15,0,3,1,138,26,13,20,12,40,53,105,0,1,1,2,10.51,35.2
REGION V (BICOL REGION),2022-08,8799,1412,18,2,16,33,29,63,0,11,0,305,93,7,20,30,276,375,681,0,3,4,7,20.01,23.8
REGION VI (WESTERN VISAYAS),2022-08,7929,1932,35,10,29,27,31,80,0,7,2,359,153,29,60,32,312,610,954,1,3,6,10,21.39,42.2
REGION VII (CENTRAL VISAYAS),2022-08,10223,2220,33,3,63,23,34,117,0,7,1,1095,177,28,33,26,595,956,1577,0,7,10,17,39.15,51.9
REGION VIII (EASTERN VISAYAS),2022-08,5690,1007,23,5,14,8,12,23,1,4,0,210,42,15,28,16,102,144,262,0,3,1,4,13.24,14.7
REGION IX (ZAMBOANGA PENINSULA),2022-08,4775,989,12,4,8,17,18,29,0,5,0,163,20,12,17,17,97,89,203,0,0,0,0,12.63,38.4
REGION X (NORTHERN MINDANAO),2022-08,6352,1535,27,12,20,18,24,35,1,9,2,330,72,18,42,29,203,394,626,0,17,14,31,24.39,50.3
REGION XI (DAVAO REGION),2022-08,6361,1913,22,2,15,24,14,26,0,3,3,481,2151,0,14,29,82,138,249,2,0,1,3,54.47,66.8
REGION XII (SOCCSKSARGEN),2022-08,6062,1275,18,13,10,22,12,36,0,3,1,238,39,9,17,19,196,131,346,0,0,2,2,16.29,55.5
REGION XIII (Caraga),2022-08,3552,864,23,3,10,10,17,22,0,3,0,192,47,12,17,17,100,132,249,1,2,2,5,21.21,36.6
BANGSAMORO AUTONOMOUS REGION IN MUSLIM MINDANAO (BARMM),2022-08,2947,215,46,1,6,4,9,6,0,1,0,113,15,5,9,4,5,3,12,1,2,0,3,12.06,27.6
NATIONAL CAPITAL REGION (NCR),2022-09,15610,3908,26,9,53,65,103,283,8,50,4,2093,393,19,67,32,1251,4297,5580,3,11,27,41,59.46,100.0
CORDILLERA ADMINISTRATIVE REGION (CAR),2022-09,2407,447,4,2,4,7,3,14,0,2,0,91,18,3,5,4,41,100,145,1,1,0,2,6.78,33.3
REGION I (ILOCOS REGION),2022-09,6784,1075,7,1,8,14,11,21,0,5,0,679,53,8,19,24,86,80,190,1,2,2,5,18.34,25.5
REGION II (CAGAYAN VALLEY),2022-09,5168,895,4,3,7,9,4,22,0,7,1,363,44,14,20,21,85,157,263,1,2,0,3,19.98,19.5
REGION III (CENTRAL LUZON),2022-09,17284,2810,17,4,15,33,62,113,2,14,2,1114,164,25,47,44,504,1027,1575,2,14,36,52,26.06,66.3
REGION IV-A (CALABARZON),2022-09,22194,4525,42,6,22,61,55,146,2,15,5,2456,331,29,53,50,429,1071,1550,3,4,7,14,29.98,70.5
REGION IV-B (MIMAROPA),2022-09,3977,956,3,2,4,17,5,6,0,3,0,159,34,10,17,10,47,48,105,0,0,0,0,11.12,35.2
REGION V (BICOL REGION),2022-09,10180,1580,21,3,17,35,19,91,0,5,0,442,80,10,20,24,321,416,761,0,6,2,8,23.55,23.8
REGION VI (WESTERN VISAYAS),2022-09,9412,2205,27,7,32,31,30,48,1,10,2,721,157,28,61,36,313,585,934,0,5,3,8,25.12,42.2
REGION VII (CENTRAL VISAYAS),2022-09,11693,3337,31,7,53,20,43,117,0,11,2,1567,153,23,46,40,658,934,1632,1,16,7,24,45.51,51.9
REGION VIII (EASTERN VISAYAS),2022-09,5593,1117,17,10,18,18,12,34,0,5,1,492,61,16,32,18,121,145,284,2,3,3,8,20.49,14.7
REGION IX (ZAMBOANGA PENINSULA),2022-09,5244,928,14,3,7,9,18,20,1,5,0,319,27,14,22,14,97,104,215,0,0,2,2,16.81,38.4
REGION X (NORTHERN MINDANAO),2022-09,7528,1769,19,3,18,18,13,49,2,4,0,467,68,15,34,31,230,355,616,0,20,17,37,26.24,50.3
REGION XI (DAVAO REGION),2022-09,6935,2023,15,2,10,23,17,20,0,0,1,2620,44,8,22,19,111,144,274,1,2,1,4,55.43,66.8
REGION XII (SOCCSKSARGEN),2022-09,6222,1397,15,4,10,18,14,19,0,3,0,350,34,11,34,23,183,150,356,0,0,0,0,18.46,55.5
REGION XIII (Caraga),2022-09,3784,1199,12,0,9,12,6,22,0,4,1,337,49,15,22,21,113,131,265,0,2,3,5,26.39,36.6
BANGSAMORO AUTONOMOUS REGION IN MUSLIM MINDANAO (BARMM),2022-09,3217,151,33,2,2,3,3,3,2,6,1,119,13,3,23,4,7,5,16,1,0,0,1,12.06,27.6
NATIONAL CAPITAL REGION (NCR),2022-10,15635,3965,44,12,50,52,98,268,4,26,0,2092,396,34,55,32,1283,4332,5647,1,10,14,25,59.52,100.0
CORDILLERA ADMINISTRATIVE REGION (CAR),2022-10,1757,550,5,3,7,7,8,28,2,0,1,64,17,1,6,5,31,98,134,0,1,0,1,6.42,33.3
REGION I (ILOCOS REGION),2022-10,7018,1293,14,4,14,13,5,25,0,6,2,236,57,8,24,27,86,70,183,0,2,5,7,10.74,25.5
REGION II (CAGAYAN VALLEY),2022-10,4875,1251,11,0,7,15,9,17,0,6,0,189,42,13,25,24,89,157,270,1,0,0,1,15.82,19.5
REGION III (CENTRAL LUZON),2022-10,16544,2969,28,2,18,57,44,102,0,19,2,829,186,21,32,62,542,1092,1696,3,14,45,62,24.93,66.3
REGION IV-A (CALABARZON),2022-10,20848,4571,38,5,29,59,44,162,3,10,0,1679,303,40,60,56,420,1100,1576,1,6,6,13,25.18,70.5
REGION IV-B (MIMAROPA),2022-10,3966,823,4,1,3,17,6,6,0,0,1,109,27,7,22,16,49,60,125,0,0,0,0,9.99,35.2
REGION V (BICOL REGION),2022-10,9760,1984,18,3,30,29,26,79,1,7,3,303,60,6,19,22,321,404,747,1,4,4,9,20.87,23.8
REGION VI (WESTERN VISAYAS),2022-10,8759,2257,25,16,31,21,28,65,0,5,1,352,185,29,66,34,321,627,982,1,4,1,6,21.7,42.2
REGION VII (CENTRAL VISAYAS),2022-10,11648,3115,32,4,70,24,28,115,0,5,6,1519,195,12,40,34,657,999,1690,1,5,6,12,45.79,51.9
REGION VIII (EASTERN VISAYAS),2022-10,5263,1169,29,3,16,8,11,38,0,0,1,222,41,16,27,16,120,157,293,0,2,1,3,14.39,14.7
REGION IX (ZAMBOANGA PENINSULA),2022-10,5294,1180,22,3,5,16,8,14,0,1,0,204,37,8,27,16,102,120,238,0,2,2,4,14.6,38.4
REGION X (NORTHERN MINDANAO),2022-10,7252,1885,24,6,11,20,19,41,0,3,1,293,59,20,36,32,201,322,555,1,10,8,19,21.31,50.3
REGION XI (DAVAO REGION),2022-10,6742,1864,18,3,11,24,8,21,0,3,0,1920,60,9,28,20,95,115,230,0,2,3,5,42.39,66.8
REGION XII (SOCCSKSARGEN),2022-10,5883,1627,31,8,12,26,20,37,0,11,0,254,58,16,19,25,191,150,366,1,0,0,1,18.26,55.5
REGION XIII (Caraga),2022-10,3304,824,14,3,5,11,17,25,1,5,0,166,46,16,19,12,98,130,240,0,2,1,3,19.85,36.6
BANGSAMORO AUTONOMOUS REGION IN MUSLIM MINDANAO (BARMM),2022-10,3218,151,31,3,3,5,9,7,2,6,1,111,10,7,15,3,8,7,18,0,0,0,0,11.95,27.6
NATIONAL CAPITAL REGION (NCR),2022-11,14243,3365,28,12,52,76,89,265,5,30,1,1938,413,30,66,30,1379,4408,5817,0,12,34,46,59.96,100.0
CORDILLERA ADMINISTRATIVE REGION (CAR),2022-11,2323,446,3,0,12,16,2,32,1,2,1,67,30,3,8,7,62,102,171,3,1,0,4,7.96,33.3
REGION I (ILOCOS REGION),2022-11,6448,1124,14,3,9,13,9,31,0,3,1,210,43,11,23,36,110,84,230,1,0,1,2,10.81,25.5
REGION II (CAGAYAN VALLEY),2022-11,4653,767,8,3,5,23,9,14,2,10,0,170,49,11,19,29,84,136,249,1,0,2,3,15.04,19.5
REGION III (CENTRAL LUZON),2022-11,15868,2934,22,7,27,48,39,81,2,14,5,763,162,19,33,45,589,980,1614,4,17,35,56,23.27,66.3
REGION IV-A (CALABARZON),2022-11,20390,3213,45,9,32,68,59,141,1,16,1,1672,327,34,69,53,445,1099,1597,3,8,6,17,25.6,70.5
REGION IV-B (MIMAROPA),2022-11,3872,631,7,3,5,21,4,7,0,5,0,97,30,12,15,15,49,48,112,0,2,0,2,9.75,35.2
REGION V (BICOL REGION),2022-11,9157,1069,22,0,21,36,36,61,0,13,0,342,91,20,28,13,356,397,766,1,2,0,3,22.41,23.8
REGION VI (WESTERN VISAYAS),2022-11,8411,1571,33,16,49,38,21,70,0,8,0,385,225,30,68,44,332,615,991,0,1,0,1,23.18,42.2
REGION VII (CENTRAL VISAYAS),2022-11,11133,2211,31,8,65,26,41,121,0,8,2,1382,165,20,39,34,636,1027,1697,0,9,8,17,44.2,51.9
REGION VIII (EASTERN VISAYAS),2022-11,5815,823,17,5,12,16,15,40,1,7,0,222,47,19,32,21,102,166,289,1,3,0,4,14.76,14.7
REGION IX (ZAMBOANGA PENINSULA),2022-11,5217,834,29,3,13,14,13,15,0,7,0,179,29,9,31,14,109,116,239,0,1,0,1,14.47,38.4
REGION X (NORTHERN MINDANAO),2022-11,7292,1245,23,7,23,16,21,46,0,6,2,320,75,20,44,25,196,310,531,2,18,11,31,22.43,50.3
REGION XI (DAVAO REGION),2022-11,6968,1392,19,5,7,36,11,31,0,1,1,1538,68,3,19,18,102,118,238,1,1,1,3,35.86,66.8
REGION XII (SOCCSKSARGEN),2022-11,6211,1181,24,10,5,23,8,28,0,3,3,217,42,7,15,21,221,176,418,0,2,0,2,17.12,55.5
REGION XIII (Caraga),2022-11,3732,921,13,2,12,14,19,27,0,1,0,181,61,10,21,17,107,147,271,2,1,2,5,22.15,36.6
BANGSAMORO AUTONOMOUS REGION IN MUSLIM MINDANAO (BARMM),2022-11,3424,135,36,1,6,2,4,6,0,3,0,83,14,8,20,3,8,1,12,1,0,0,1,10.28,27.6
NATIONAL CAPITAL REGION (NCR),2022-12,13709,6387,16,11,53,58,82,213,7,17,5,1716,364,30,61,33,1420,4790,6243,0,15,24,39,60.28,100.0
CORDILLERA ADMINISTRATIVE REGION (CAR),2022-12,2328,1344,5,2,15,8,5,17,1,1,0,62,17,3,5,11,78,166,255,0,0,0,0,8.95,33.3
REGION I (ILOCOS REGION),2022-12,5998,4064,8,4,14,14,12,32,1,2,0,123,49,8,25,41,152,133,326,1,1,3,5,11.19,25.5
REGION II (CAGAYAN VALLEY),2022-12,4489,1951,8,6,6,11,3,19,1,6,1,131,50,7,12,40,100,179,319,0,0,2,2,15.22,19.5
REGION III (CENTRAL LUZON),2022-12,14907,6809,26,5,19,36,30,97,2,20,2,603,149,17,40,68,660,1241,1969,2,14,25,41,24.59,66.3
REGION IV-A (CALABARZON),2022-12,19286,8731,50,6,28,62,54,143,1,21,6,1583,286,25,71,78,567,1431,2076,2,6,6,14,27.72,70.5
REGION IV-B (MIMAROPA),2022-12,3200,1764,12,6,6,12,8,8,0,2,0,68,20,7,20,18,69,71,158,1,2,1,4,10.08,35.2
REGION V (BICOL REGION),2022-12,8859,3865,16,5,15,18,30,57,0,11,1,259,81,15,25,33,414,560,1007,0,1,1,2,24.01,23.8
REGION VI (WESTERN VISAYAS),2022-12,8306,5211,27,9,27,18,27,55,0,12,2,324,219,22,70,53,401,699,1153,0,11,5,16,23.73,42.2
REGION VII (CENTRAL VISAYAS),2022-12,10668,4083,30,3,65,26,29,97,0,11,1,1372,174,16,59,37,717,1107,1861,4,10,12,26,46.01,51.9
REGION VIII (EASTERN VISAYAS),2022-12,5567,1554,21,3,16,17,22,33,0,1,0,171,38,17,27,18,133,196,347,1,2,1,4,14.58,14.7
REGION IX (ZAMBOANGA PENINSULA),2022-12,5067,1211,14,2,11,16,10,17,0,7,0,149,21,11,30,14,118,123,255,0,2,0,2,13.55,38.4
REGION X (NORTHERN MINDANAO),2022-12,7414,2354,15,6,22,18,13,45,0,12,1,229,70,12,52,39,219,352,610,0,2,1,3,21.33,50.3
REGION XI (DAVAO REGION),2022-12,6674,2642,22,6,10,12,11,13,0,2,1,1347,61,4,15,32,111,110,253,1,2,2,5,31.92,66.8
REGION XII (SOCCSKSARGEN),2022-12,6112,2252,22,8,8,12,10,25,1,5,2,186,43,12,30,38,233,155,426,0,0,0,0,16.8,55.5
REGION XIII (Caraga),2022-12,3538,1147,13,5,5,16,13,18,0,2,1,196,39,10,14,16,109,125,250,0,2,3,5,20.41,36.6
BANGSAMORO AUTONOMOUS REGION IN MUSLIM MINDANAO (BARMM),2022-12,3581,230,36,1,4,3,2,5,1,3,0,57,6,9,14,6,10,1,17,0,0,0,0,8.28,27.6
NATIONAL CAPITAL REGION (NCR),2023-01,13891,4187,36,13,45,79,85,202,1,26,3,1955,421,29,51,34,1339,3996,5369,0,9,20,29,56.42,100.0
CORDILLERA ADMINISTRATIVE REGION (CAR),2023-01,2294,902,5,0,5,11,6,15,0,0,1,50,25,1,8,6,64,145,215,1,0,2,3,7.8,33.3
REGION I (ILOCOS REGION),2023-01,6143,2889,13,0,10,19,9,30,1,8,0,200,49,3,26,27,147,138,312,1,1,2,4,12.29,25.5
REGION II (CAGAYAN VALLEY),2023-01,4454,1154,11,3,8,12,13,11,0,6,1,260,30,3,12,36,81,135,252,0,2,1,3,16.35,19.5
REGION III (CENTRAL LUZON),2023-01,14975,4556,20,9,14,56,51,85,4,21,2,734,160,22,42,68,607,1153,1828,0,5,26,31,24.78,66.3
REGION IV-A (CALABARZON),2023-01,19298,5809,36,5,40,77,48,122,3,21,4,1704,277,22,60,50,484,1104,1638,1,4,6,11,25.48,70.5
REGION IV-B (MIMAROPA),2023-01,4029,1046,10,3,2,18,3,8,0,1,0,94,36,11,19,12,51,53,116,0,1,0,1,9.81,35.2
REGION V (BICOL REGION),2023-01,9278,2196,16,8,21,24,35,62,0,11,0,291,73,17,15,24,352,414,790,2,4,1,7,21.33,23.8
REGION VI (WESTERN VISAYAS),2023-01,8497,2701,35,11,19,31,17,51,0,9,1,352,165,24,47,35,321,555,911,1,1,1,3,20.08,42.2
REGION VII (CENTRAL VISAYAS),2023-01,10586,3610,32,4,36,39,32,116,3,7,0,1450,173,20,34,42,596,922,1560,2,13,9,24,43.08,51.9
REGION VIII (EASTERN VISAYAS),2023-01,5742,1111,15,3,13,17,13,23,0,2,0,221,29,18,25,16,92,143,251,0,2,0,2,12.85,14.7
REGION IX (ZAMBOANGA PENINSULA),2023-01,5397,1471,13,3,7,16,17,17,0,11,0,151,25,10,21,16,103,99,218,0,0,2,2,12.71,38.4
REGION X (NORTHERN MINDANAO),2023-01,7682,1792,30,4,15,23,18,41,0,7,1,331,78,15,31,31,199,290,520,0,2,3,5,21.54,50.3
REGION XI (DAVAO REGION),2023-01,6869,1821,14,4,8,21,8,16,0,5,2,1481,85,10,14,10,100,117,227,0,1,1,2,34.36,66.8
REGION XII (SOCCSKSARGEN),2023-01,6564,1511,15,7,8,20,11,23,0,6,4,217,30,9,32,31,199,146,376,0,1,0,1,16.14,55.5
REGION XIII (Caraga),2023-01,3653,694,15,2,2,20,12,20,0,3,0,226,29,8,19,10,101,130,241,0,2,1,3,20.86,36.6
BANGSAMORO AUTONOMOUS REGION IN MUSLIM MINDANAO (BARMM),2023-01,4395,437,41,0,2,0,3,8,2,1,1,95,15,4,16,4,10,3,17,0,2,0,2,10.85,27.6
NATIONAL CAPITAL REGION (NCR),2023-02,11829,7996,18,5,59,72,75,244,3,29,2,2055,454,24,46,24,1216,4255,5495,0,6,22,28,58.21,100.0
CORDILLERA ADMINISTRATIVE REGION (CAR),2023-02,1973,820,1,1,10,11,5,23,1,7,0,64,21,0,5,6,52,102,160,0,0,0,0,6.99,33.3
REGION I (ILOCOS REGION),2023-02,4930,3342,5,2,12,18,9,22,1,3,0,271,48,9,19,31,153,179,363,1,3,0,4,14.12,25.5
REGION II (CAGAYAN VALLEY),2023-02,3588,2374,8,1,6,13,4,12,0,4,0,198,38,5,13,20,66,119,205,0,0,0,0,13.26,19.5
REGION III (CENTRAL LUZON),2023-02,12308,6086,19,7,17,67,44,87,2,16,3,697,154,23,36,41,486,1005,1532,2,13,21,36,22.05,66.3
REGION IV-A (CALABARZON),2023-02,16183,7156,45,11,32,65,45,137,1,25,2,1701,256,36,70,52,448,1020,1520,2,7,6,15,24.81,70.5
REGION IV-B (MIMAROPA),2023-02,3339,2076,4,1,6,18,6,13,1,2,2,96,38,7,11,10,60,61,131,0,0,0,0,10.24,35.2
REGION V (BICOL REGION),2023-02,7459,2422,9,6,22,30,25,64,0,4,1,258,69,10,13,10,316,418,744,0,0,2,2,19.57,23.8
REGION VI (WESTERN VISAYAS),2023-02,6920,4503,33,8,27,36,22,63,0,7,3,457,150,26,50,35,311,565,911,0,3,1,4,21.53,42.2
REGION VII (CENTRAL VISAYAS),2023-02,8803,3239,23,7,51,22,32,116,0,6,1,1369,135,17,32,32,557,869,1458,3,5,6,14,40.07,51.9
REGION VIII (EASTERN VISAYAS),2023-02,4924,2014,18,7,16,11,25,34,0,5,0,216,38,14,21,14,95,113,222,1,2,1,4,12.83,14.7
REGION IX (ZAMBOANGA PENINSULA),2023-02,4568,2365,22,5,12,29,12,18,0,8,1,187,32,7,22,12,108,95,215,1,1,1,3,14.25,38.4
REGION X (NORTHERN MINDANAO),2023-02,6438,2355,20,4,18,23,22,48,2,11,1,350,81,16,20,36,173,264,473,1,4,5,10,21.16,50.3
REGION XI (DAVAO REGION),2023-02,5649,2120,15,2,8,27,13,25,0,2,0,1387,68,5,22,19,102,109,230,1,5,9,15,32.95,66.8
REGION XII (SOCCSKSARGEN),2023-02,5554,1822,21,9,10,18,11,20,1,4,0,209,47,9,24,25,174,108,307,0,0,0,0,14.67,55.5
REGION XIII (Caraga),2023-02,3223,1519,9,1,4,17,20,19,0,4,0,154,27,12,14,8,82,106,196,1,1,0,2,16.65,36.6
BANGSAMORO AUTONOMOUS REGION IN MUSLIM MINDANAO (BARMM),2023-02,3771,292,34,3,9,2,6,6,1,2,0,79,8,4,18,6,11,5,22,0,0,0,0,10.17,27.6
NATIONAL CAPITAL REGION (NCR),2023-03,12998,4505,30,13,51,72,102,247,10,25,2,2085,491,27,55,38,1443,5047,6528,2,12,19,33,66.07,100.0
CORDILLERA ADMINISTRATIVE REGION (CAR),2023-03,2102,776,4,4,12,10,3,15,0,0,0,64,12,3,7,13,51,85,149,1,1,0,2,6.44,33.3
REGION I (ILOCOS REGION),2023-03,5267,1804,11,1,9,23,9,22,0,3,0,245,64,11,18,39,141,150,330,1,1,1,3,13.45,25.5
REGION II (CAGAYAN VALLEY),2023-03,3849,1516,3,2,8,22,8,19,0,4,0,177,40,11,21,31,81,116,228,0,1,0,1,14.23,19.5
REGION III (CENTRAL LUZON),2023-03,13146,4554,22,8,21,57,42,116,2,19,0,824,143,15,42,54,566,1209,1829,1,16,29,46,25.64,66.3
REGION IV-A (CALABARZON),2023-03,17135,5399,36,10,17,68,40,153,4,16,4,2018,256,32,57,48,489,1171,1708,0,3,5,8,27.72,70.5
REGION IV-B (MIMAROPA),2023-03,3650,1240,8,0,3,11,4,12,0,3,0,125,31,10,22,7,48,58,113,1,2,0,3,10.51,35.2
REGION V (BICOL REGION),2023-03,7632,2009,12,4,19,44,27,71,1,10,1,280,78,13,10,21,365,456,842,0,2,1,3,22.04,23.8
REGION VI (WESTERN VISAYAS),2023-03,7506,4110,22,12,25,23,19,67,1,4,1,529,166,20,71,35,342,574,951,0,5,2,7,22.97,42.2
REGION VII (CENTRAL VISAYAS),2023-03,9623,2492,25,5,58,23,28,105,0,3,0,1369,159,13,36,24,610,946,1580,0,7,10,17,41.75,51.9
REGION VIII (EASTERN VISAYAS),2023-03,5336,1040,9,8,8,14,14,37,2,2,0,246,46,7,24,15,92,168,275,0,1,0,1,14.09,14.7
REGION IX (ZAMBOANGA PENINSULA),2023-03,4992,1124,21,2,19,19,22,27,2,6,0,168,45,8,27,25,118,113,256,0,2,1,3,15.54,38.4
REGION X (NORTHERN MINDANAO),2023-03,6820,1542,24,7,11,19,13,66,0,7,4,357,69,14,25,37,209,281,527,0,2,0,2,22.04,50.3
REGION XI (DAVAO REGION),2023-03,6380,1742,21,2,11,25,19,17,2,1,2,1336,89,8,12,28,95,117,240,2,7,8,17,32.64,66.8
REGION XII (SOCCSKSARGEN),2023-03,6001,1446,14,9,6,19,8,17,0,4,1,233,36,12,26,23,190,145,358,0,0,0,0,15.8,55.5
REGION XIII (Caraga),2023-03,3407,730,15,1,6,17,23,25,0,5,1,204,38,5,17,13,107,135,255,2,3,2,7,21.52,36.6
BANGSAMORO AUTONOMOUS REGION IN MUSLIM MINDANAO (BARMM),2023-03,4031,244,39,3,7,6,6,1,0,2,0,110,17,3,19,5,12,8,25,0,0,1,1,12.53,27.6
NATIONAL CAPITAL REGION (NCR),2023-04,12326,3391,23,4,45,59,95,244,2,25,0,2076,519,26,63,34,1334,4243,5611,0,5,13,18,59.57,100.0
CORDILLERA ADMINISTRATIVE REGION (CAR),2023-04,1974,961,6,3,5,11,7,15,0,0,1,52,17,7,7,7,48,83,138,0,1,1,2,6.13,33.3
REGION I (ILOCOS REGION),2023-04,4988,2517,12,3,8,18,4,14,2,6,0,216,61,9,25,29,130,172,331,1,1,0,2,12.77,25.5
REGION II (CAGAYAN VALLEY),2023-04,3618,2526,9,3,4,17,11,15,0,8,0,160,44,6,18,23,72,114,209,0,1,0,1,13.21,19.5
REGION III (CENTRAL LUZON),2023-04,12398,4167,14,4,21,50,50,93,1,23,1,868,191,24,34,38,620,1346,2004,2,18,44,64,27.7,66.3
REGION IV-A (CALABARZON),2023-04,15696,4392,43,12,33,56,37,141,5,24,2,1633,374,40,77,42,548,1303,1893,1,6,6,13,27.45,70.5
REGION IV-B (MIMAROPA),2023-04,3418,1034,9,3,7,19,6,21,0,1,0,133,38,8,15,23,61,63,147,0,1,1,2,12.46,35.2
REGION V (BICOL REGION),2023-04,7037,2725,19,3,15,33,41,79,3,12,1,367,85,10,32,25,328,457,810,1,4,2,7,23.62,23.8
REGION VI (WESTERN VISAYAS),2023-04,6849,2993,28,13,38,29,23,54,0,8,0,470,201,22,66,28,305,509,842,0,2,2,4,21.54,42.2
REGION VII (CENTRAL VISAYAS),2023-04,8914,2100,38,6,76,37,29,129,0,10,1,1718,167,17,44,38,608,892,1538,3,5,9,17,46.71,51.9
REGION VIII (EASTERN VISAYAS),2023-04,4738,1109,18,8,19,20,8,28,1,0,0,268,46,16,42,11,107,132,250,1,0,0,1,14.74,14.7
REGION IX (ZAMBOANGA PENINSULA),2023-04,4779,823,22,4,15,13,19,35,0,8,0,169,40,12,26,18,113,107,238,1,0,1,2,15.0,38.4
REGION X (NORTHERN MINDANAO),2023-04,6556,1390,27,8,20,32,14,52,1,8,1,333,73,12,39,39,165,286,490,4,4,5,13,21.62,50.3
REGION XI (DAVAO REGION),2023-04,6024,1337,17,2,11,21,11,24,0,5,3,1368,81,12,18,19,87,104,210,0,12,10,22,32.69,66.8
REGION XII (SOCCSKSARGEN),2023-04,5686,1229,21,4,7,19,15,19,1,7,2,212,43,10,23,25,186,137,348,0,0,0,0,15.54,55.5
REGION XIII (Caraga),2023-04,3103,829,17,4,7,18,14,25,0,5,0,210,52,12,23,10,127,129,266,1,3,4,8,22.98,36.6
BANGSAMORO AUTONOMOUS REGION IN MUSLIM MINDANAO (BARMM),2023-04,3761,138,44,1,4,3,5,7,1,3,0,95,13,2,13,1,6,5,12,1,0,0,1,10.69,27.6
NATIONAL CAPITAL REGION (NCR),2023-05,13152,4009,31,13,49,64,68,250,5,35,2,1959,467,41,51,23,1417,4803,6243,1,13,20,34,62.96,100.0
CORDILLERA ADMINISTRATIVE REGION (CAR),2023-05,1969,783,1,0,5,8,6,20,0,2,1,66,16,5,8,4,36,67,107,2,0,1,3,5.61,33.3
REGION I (ILOCOS REGION),2023-05,5198,2061,12,4,15,20,9,24,1,6,2,254,58,7,17,31,129,144,304,0,1,0,1,13.18,25.5
REGION II (CAGAYAN VALLEY),2023-05,3521,2026,14,2,10,19,10,16,1,6,1,174,50,8,17,24,71,100,195,0,1,2,3,13.76,19.5
REGION III (CENTRAL LUZON),2023-05,13094,4320,27,10,26,44,31,93,1,15,1,908,189,20,35,60,552,1257,1869,0,5,28,33,26.57,66.3
REGION IV-A (CALABARZON),2023-05,17204,5018,42,13,30,85,41,155,1,19,4,1881,334,43,71,55,520,1183,1758,0,8,9,17,28.14,70.5
REGION IV-B (MIMAROPA),2023-05,3361,1579,8,3,7,13,16,10,0,1,0,147,26,11,18,9,41,52,102,1,2,1,4,11.15,35.2
REGION V (BICOL REGION),2023-05,7364,2457,23,3,38,47,29,92,0,5,1,397,84,25,19,26,421,533,980,1,2,1,4,27.21,23.8
REGION VI (WESTERN VISAYAS),2023-05,7060,3183,26,17,24,34,30,60,0,3,1,466,175,31,79,43,291,515,849,0,3,2,5,21.56,42.2
REGION VII (CENTRAL VISAYAS),2023-05,9369,3657,30,5,63,32,38,123,0,12,0,1739,189,31,55,31,575,866,1472,2,14,7,23,46.52,51.9
REGION VIII (EASTERN VISAYAS),2023-05,4912,1316,18,4,10,21,13,29,0,3,1,244,51,11,43,20,139,177,336,1,7,0,8,16.1,14.7
REGION IX (ZAMBOANGA PENINSULA),2023-05,4618,1173,15,3,17,21,13,37,0,17,0,203,51,16,22,16,129,151,296,0,3,0,3,17.76,38.4
REGION X (NORTHERN MINDANAO),2023-05,6618,1765,30,8,24,21,9,46,1,3,1,364,93,8,32,30,207,325,562,1,2,6,9,23.31,50.3
REGION XI (DAVAO REGION),2023-05,6154,1624,22,8,11,29,12,22,1,2,1,1543,56,9,16,16,93,96,205,0,4,5,9,35.25,66.8
REGION XII (SOCCSKSARGEN),2023-05,5941,1026,20,8,5,13,16,32,1,7,1,258,25,15,24,33,190,176,399,0,1,1,2,17.56,55.5
REGION XIII (Caraga),2023-05,3170,831,11,0,9,23,9,29,0,5,0,280,57,10,33,12,127,147,286,0,2,0,2,26.21,36.6
BANGSAMORO AUTONOMOUS REGION IN MUSLIM MINDANAO (BARMM),2023-05,3437,237,37,0,9,2,5,4,0,2,0,116,11,6,11,6,13,2,21,0,1,0,1,11.8,27.6
NATIONAL CAPITAL REGION (NCR),2023-06,12660,4912,24,10,56,89,66,269,9,41,0,2005,502,34,54,19,1128,4138,5285,0,0,0,0,57.1,100.0
CORDILLERA ADMINISTRATIVE REGION (CAR),2023-06,2009,737,4,2,13,18,8,15,0,3,0,71,27,7,6,4,32,83,119,0,0,0,0,6.63,33.3
REGION I (ILOCOS REGION),2023-06,5054,2051,12,3,12,42,7,16,0,2,0,259,58,9,15,21,84,96,201,0,0,0,0,11.42,25.5
REGION II (CAGAYAN VALLEY),2023-06,3552,1324,6,2,25,21,8,18,0,8,2,165,74,5,16,27,79,97,203,0,0,0,0,14.46,19.5
REGION III (CENTRAL LUZON),2023-06,12673,4685,26,5,25,65,35,87,1,13,1,820,188,23,25,48,554,1269,1871,0,1,0,1,25.64,66.3
REGION IV-A (CALABARZON),2023-06,16800,6830,29,11,33,107,45,136,3,20,2,1679,373,37,56,52,457,1116,1625,0,1,0,1,26.03,70.5
REGION IV-B (MIMAROPA),2023-06,3257,1256,10,1,17,33,14,17,0,3,1,122,67,14,25,14,48,51,113,0,0,0,0,13.31,35.2
REGION V (BICOL REGION),2023-06,7177,3261,12,3,37,44,41,70,0,15,0,380,140,21,21,25,351,459,835,1,4,2,7,25.32,23.8
REGION VI (WESTERN VISAYAS),2023-06,6791,2928,31,21,29,57,18,67,0,4,0,559,173,32,65,24,282,512,818,1,3,0,4,22.5,42.2
REGION VII (CENTRAL VISAYAS),2023-06,8916,3642,20,6,74,49,40,146,1,6,0,1546,209,22,44,31,543,736,1310,0,0,1,1,42.4,51.9
REGION VIII (EASTERN VISAYAS),2023-06,4417,1455,12,8,15,39,22,34,0,7,0,204,46,15,37,18,96,117,231,0,0,0,0,13.62,14.7
REGION IX (ZAMBOANGA PENINSULA),2023-06,4366,1050,24,2,13,41,28,33,0,14,0,177,54,12,28,7,64,83,154,0,1,0,1,14.45,38.4
REGION X (NORTHERN MINDANAO),2023-06,6167,2412,28,8,29,39,27,64,0,10,1,285,87,23,48,35,186,333,554,0,0,0,0,23.16,50.3
REGION XI (DAVAO REGION),2023-06,5673,3547,15,1,8,24,10,16,0,6,0,1860,72,7,16,16,98,109,223,0,0,0,0,40.9,66.8
REGION XII (SOCCSKSARGEN),2023-06,5495,1737,22,6,8,35,14,26,0,7,2,175,41,7,17,18,191,180,389,0,0,0,0,15.93,55.5
REGION XIII (Caraga),2023-06,2973,1237,17,2,12,33,7,30,0,9,0,227,50,6,24,65,611,730,1406,0,0,0,0,63.38,36.6
BANGSAMORO AUTONOMOUS REGION IN MUSLIM MINDANAO (BARMM),2023-06,3158,231,44,3,6,5,4,5,0,1,1,128,12,7,15,2,3,5,10,1,2,0,3,12.79,27.6
NATIONAL CAPITAL REGION (NCR),2023-07,13479,3952,44,8,48,90,99,238,2,25,1,1858,421,39,60,23,1229,4593,5845,5,16,27,48,59.68,100.0
CORDILLERA ADMINISTRATIVE REGION (CAR),2023-07,1991,610,5,3,7,14,9,18,0,1,0,54,26,3,5,4,40,91,135,0,0,1,1,6.35,33.3
REGION I (ILOCOS REGION),2023-07,5293,1383,9,1,6,23,9,20,0,2,0,204,54,6,17,23,76,127,226,0,0,0,0,10.36,25.5
REGION II (CAGAYAN VALLEY),2023-07,3915,1209,12,2,6,12,6,27,0,8,2,179,57,4,24,26,53,89,168,0,1,0,1,13.29,19.5
REGION III (CENTRAL LUZON),2023-07,13192,3122,19,5,23,65,43,88,0,14,0,750,171,19,42,48,495,1254,1797,1,8,23,32,24.69,66.3
REGION IV-A (CALABARZON),2023-07,17361,4737,45,11,33,77,35,162,8,30,2,1943,348,36,72,36,475,1149,1660,2,6,9,17,28.05,70.5
REGION IV-B (MIMAROPA),2023-07,3315,838,2,2,5,21,16,21,0,1,0,109,27,16,19,19,54,73,146,2,0,2,4,11.85,35.2
REGION V (BICOL REGION),2023-07,7695,1745,19,5,32,41,32,67,2,19,2,292,92,14,23,31,356,487,874,2,2,1,5,23.65,23.8
REGION VI (WESTERN VISAYAS),2023-07,6889,2073,20,13,22,52,24,47,0,10,0,503,141,28,53,41,304,527,872,1,2,1,4,21.43,42.2
REGION VII (CENTRAL VISAYAS),2023-07,9500,2859,36,4,58,36,27,130,1,14,2,1435,171,23,44,26,519,771,1316,1,4,9,14,40.41,51.9
REGION VIII (EASTERN VISAYAS),2023-07,4738,1174,13,5,9,23,14,36,1,2,0,229,48,11,38,20,124,188,332,1,1,0,2,15.51,14.7
REGION IX (ZAMBOANGA PENINSULA),2023-07,4277,980,24,5,12,30,11,27,0,10,0,185,42,9,24,12,123,131,266,0,1,1,2,16.09,38.4
REGION X (NORTHERN MINDANAO),2023-07,6348,2109,18,7,28,22,20,71,2,13,1,355,86,14,39,41,209,329,579,0,1,2,3,24.22,50.3
REGION XI (DAVAO REGION),2023-07,5858,1853,22,4,7,27,13,20,0,7,1,1757,85,7,16,21,96,110,227,0,0,4,4,39.8,66.8
REGION XII (SOCCSKSARGEN),2023-07,5447,1098,16,3,7,22,10,18,0,4,4,198,29,6,27,25,177,187,389,0,1,0,1,15.61,55.5
REGION XIII (Caraga),2023-07,3086,879,18,2,4,21,10,23,0,6,0,252,47,11,19,17,109,145,271,0,1,0,1,23.81,36.6
BANGSAMORO AUTONOMOUS REGION IN MUSLIM MINDANAO (BARMM),2023-07,3215,185,41,3,9,3,6,6,3,5,0,115,16,2,17,2,8,3,13,0,0,0,0,12.53,27.6
NATIONAL CAPITAL REGION (NCR),2023-08,14086,3240,27,8,50,71,93,270,6,26,3,2049,436,26,50,20,1213,4996,6229,4,8,22,34,63.41,100.0
CORDILLERA ADMINISTRATIVE REGION (CAR),2023-08,2117,473,2,3,4,7,10,14,0,3,0,59,22,4,7,4,36,66,106,0,0,0,0,5.45,33.3
REGION I (ILOCOS REGION),2023-08,5530,957,11,4,7,21,5,21,0,6,2,144,50,5,15,23,81,103,207,0,1,0,1,8.96,25.5
REGION II (CAGAYAN VALLEY),2023-08,4085,1055,10,6,5,7,12,15,0,7,2,173,45,6,21,30,72,108,210,1,2,1,4,13.68,19.5
REGION III (CENTRAL LUZON),2023-08,13835,2429,23,6,18,50,36,125,2,21,2,765,147,24,46,53,500,1160,1713,2,11,27,40,24.29,66.3
REGION IV-A (CALABARZON),2023-08,18281,2807,40,14,17,65,50,131,1,15,3,1904,317,56,67,73,450,1167,1690,1,5,8,14,27.46,70.5
REGION IV-B (MIMAROPA),2023-08,3375,571,7,2,4,9,13,14,0,3,0,157,40,8,19,15,72,76,163,2,1,2,5,13.53,35.2
REGION V (BICOL REGION),2023-08,7985,1660,14,4,20,29,29,76,0,6,2,309,89,13,34,32,335,575,942,1,3,4,8,24.53,23.8
REGION VI (WESTERN VISAYAS),2023-08,7258,1721,35,11,20,24,20,57,0,4,1,458,142,26,57,36,268,467,771,1,3,3,7,19.56,42.2
REGION VII (CENTRAL VISAYAS),2023-08,9531,2279,26,5,52,21,21,109,0,8,2,1404,164,19,40,26,568,879,1473,1,1,0,2,40.84,51.9
REGION VIII (EASTERN VISAYAS),2023-08,4862,1008,22,6,9,15,18,27,0,2,3,158,37,8,33,16,120,159,295,1,1,2,4,12.95,14.7
REGION IX (ZAMBOANGA PENINSULA),2023-08,4367,917,14,4,19,16,18,35,0,9,0,176,34,11,23,10,94,153,257,0,0,0,0,15.32,38.4
REGION X (NORTHERN MINDANAO),2023-08,6465,1705,14,7,19,16,12,43,0,8,0,293,70,19,30,22,217,348,587,0,1,4,5,21.62,50.3
REGION XI (DAVAO REGION),2023-08,6118,1901,23,2,9,20,8,16,0,1,0,1517,76,5,13,16,73,92,181,0,2,0,2,33.93,66.8
REGION XII (SOCCSKSARGEN),2023-08,5565,1353,20,6,7,9,12,26,0,5,0,194,19,6,26,16,123,124,263,0,1,0,1,12.63,55.5
REGION XIII (Caraga),2023-08,3159,789,8,2,11,23,13,23,0,2,4,184,41,10,19,7,85,125,217,2,3,3,8,19.64,36.6
BANGSAMORO AUTONOMOUS REGION IN MUSLIM MINDANAO (BARMM),2023-08,3018,137,27,2,10,4,4,6,0,2,0,110,22,3,10,5,6,2,13,1,1,1,3,11.32,27.6
NATIONAL CAPITAL REGION (NCR),2023-09,15335,3321,31,9,48,36,102,292,8,24,0,2084,392,28,58,26,1364,4874,6264,0,6,23,29,63.59,100.0
CORDILLERA ADMINISTRATIVE REGION (CAR),2023-09,2434,480,4,2,4,12,2,15,0,0,0,61,16,1,6,5,35,51,91,1,2,0,3,4.91,33.3
REGION I (ILOCOS REGION),2023-09,6742,944,8,4,4,14,4,19,0,3,0,150,42,8,17,30,82,95,207,0,0,1,1,8.64,25.5
REGION II (CAGAYAN VALLEY),2023-09,4814,902,16,3,3,12,8,11,0,4,0,159,40,9,17,24,63,96,183,0,0,0,0,12.16,19.5
REGION III (CENTRAL LUZON),2023-09,16268,2733,20,9,22,40,47,103,2,19,1,744,170,16,29,41,420,983,1444,2,9,13,24,21.65,66.3
REGION IV-A (CALABARZON),2023-09,20607,4100,33,7,29,41,63,134,1,27,1,1840,301,41,67,46,471,1061,1578,2,3,8,13,26.15,70.5
REGION IV-B (MIMAROPA),2023-09,4093,783,5,2,14,11,8,13,0,1,0,135,28,7,15,9,54,68,131,0,0,0,0,11.27,35.2
REGION V (BICOL REGION),2023-09,9673,1448,12,0,19,30,32,65,0,6,0,246,96,13,20,29,369,514,912,2,3,1,6,22.69,23.8
REGION VI (WESTERN VISAYAS),2023-09,7969,1953,30,12,14,31,20,42,0,6,1,508,127,22,56,27,292,472,791,0,3,4,7,19.97,42.2
REGION VII (CENTRAL VISAYAS),2023-09,10757,3357,33,8,47,26,47,115,0,12,2,1548,144,21,35,31,542,817,1390,0,10,4,14,42.01,51.9
REGION VIII (EASTERN VISAYAS),2023-09,5624,857,18,6,11,11,15,41,0,11,0,170,66,16,30,16,114,162,292,0,5,1,6,14.09,14.7
REGION IX (ZAMBOANGA PENINSULA),2023-09,4689,820,17,2,12,17,11,34,0,2,0,197,33,11,23,14,100,118,232,1,3,3,7,14.87,38.4
REGION X (NORTHERN MINDANAO),2023-09,6846,1786,18,5,20,11,22,41,0,4,0,317,61,20,28,34,192,318,544,0,1,3,4,21.08,50.3
REGION XI (DAVAO REGION),2023-09,6545,1927,10,3,13,14,7,18,0,1,3,1599,72,6,9,18,89,99,206,2,0,0,2,35.56,66.8
REGION XII (SOCCSKSARGEN),2023-09,6019,1258,16,4,10,11,11,21,0,6,1,169,30,9,23,20,198,183,401,0,0,0,0,15.14,55.5
REGION XIII (Caraga),2023-09,3478,888,14,2,10,14,9,22,0,3,0,209,47,11,18,15,95,134,244,1,1,2,4,21.1,36.6
BANGSAMORO AUTONOMOUS REGION IN MUSLIM MINDANAO (BARMM),2023-09,2402,151,33,2,9,5,6,3,0,3,2,76,17,4,13,2,8,1,11,1,0,0,1,9.7,27.6
