PLACE OF USUAL RESIDENCE,Type of Place,Year,Total,January,February,March,April,May,June,July,August,September,October,November,December
TOTAL,,2022,"1,455,393","122,723","100,940","109,113","105,708","109,537","113,067","121,649","126,775","143,235","137,773","135,163","129,710"
NATIONAL CAPITAL REGION (NCR),Region,2022,"160,132","13,254","11,025","11,533","11,641","12,661","13,019","13,358","14,444","15,610","15,635","14,243","13,709"
City of Caloocan,City,2022,"21,373","1,750","1,484","1,497","1,516","1,668","1,765","1,742","1,994","2,107","2,056","1,926","1,868"
City of Las Piñas,City,2022,"7,261",578,481,553,551,563,543,653,632,730,660,666,651
City of Makati,City,2022,"5,398",434,384,423,387,379,388,469,479,529,544,511,471
City of Malabon,City,2022,"5,073",436,343,367,366,375,402,436,497,499,496,430,426
City of Mandaluyong,City,2022,"4,392",375,280,306,324,363,324,393,429,439,412,372,375
City of Manila,City,2022,"23,147","1,846","1,528","1,714","1,681","1,848","1,913","1,895","2,086","2,137","2,306","2,098","2,095"
City of Marikina,City,2022,"5,296",450,389,391,433,406,456,320,302,564,546,511,528
City of Muntinlupa,City,2022,"5,876",494,405,399,403,508,484,525,510,577,581,496,494
City of Navotas,City,2022,"3,564",299,226,253,261,269,305,291,308,327,381,308,336
City of Parañaque,City,2022,"8,080",666,564,553,572,682,653,671,737,765,744,764,709
Pasay City,City,2022,"4,773",373,345,316,331,391,368,386,438,436,489,483,417
City of Pasig,City,2022,"10,369",823,714,705,778,780,810,873,910,"1,088","1,001",967,920
Quezon City,City,2022,"33,630","2,816","2,328","2,468","2,425","2,623","2,738","2,832","3,077","3,186","3,150","3,045","2,942"
City of San Juan,City,2022,"1,142",102,69,95,79,107,101,98,110,118,94,74,95
City of Taguig,City,2022,"11,551","1,050",869,844,856,976,"1,023","1,030","1,068","1,212","1,242",762,619
City of Valenzuela,City,2022,"8,515",701,564,591,621,668,699,691,806,828,865,763,718
Pateros,City,2022,692,61,52,58,57,55,47,53,61,68,68,67,45
CORDILLERA ADMINISTRATIVE REGION (CAR),Region,2022,"24,820","2,155","1,866","2,013","1,947","1,887","1,820","2,065","2,252","2,407","1,757","2,323","2,328"
ABRA,Province,2022,"2,789",211,191,195,204,185,186,217,248,333,284,274,261
APAYAO,Province,2022,"1,851",153,125,143,127,147,123,142,183,193,183,170,162
BENGUET,Province,2022,"5,948",542,483,563,473,493,430,487,549,463,263,609,593
IFUGAO,Province,2022,"3,327",266,271,239,287,252,237,276,259,340,321,297,282
KALINGA,Province,2022,"3,964",359,273,287,285,257,311,316,371,447,374,347,337
MOUNTAIN PROVINCE,Province,2022,"2,473",219,182,213,177,168,199,213,200,249,202,222,229
CITY OF BAGUIO,Province,2022,"4,468",405,341,373,394,385,334,414,442,382,130,404,464
REGION I (ILOCOS REGION),Region,2022,"63,240","5,525","4,473","4,909","4,718","4,537","4,719","4,778","3,333","6,784","7,018","6,448","5,998"
ILOCOS NORTE,Province,2022,"6,660",552,478,472,424,454,512,523,645,742,711,618,529
ILOCOS SUR,Province,2022,"7,371",626,453,592,537,499,495,615,675,667,792,707,713
LA UNION,Province,2022,"8,905",777,652,720,713,660,673,784,803,586,938,831,768
PANGASINAN,Province,2022,"40,304","3,570","2,890","3,125","3,044","2,924","3,039","2,856","1,210","4,789","4,577","4,292","3,988"
REGION II (CAGAYAN VALLEY),Region,2022,"48,798","4,001","3,376","3,672","3,382","3,269","3,340","4,042","4,531","5,168","4,875","4,653","4,489"
BATANES,Province,2022,237,25,21,13,18,20,19,22,21,9,21,28,20
CAGAYAN,Province,2022,"15,504","1,303","1,023","1,154","1,047",975,"1,088","1,252","1,458","1,692","1,566","1,542","1,404"
ISABELA,Province,2022,"22,319","1,792","1,547","1,647","1,470","1,466","1,463","1,895","2,118","2,396","2,312","2,114","2,099"
NUEVA VIZCAYA,Province,2022,"7,528",634,559,609,585,578,553,614,637,747,694,662,656
QUIRINO,Province,2022,"3,210",247,226,249,262,230,217,259,297,324,282,307,310
REGION III (CENTRAL LUZON),Region,2022,"170,318","14,213","11,492","12,753","11,825","12,322","12,725","14,606","15,779","17,284","16,544","15,868","14,907"
AURORA,Province,2022,"3,185",303,223,260,230,245,246,317,241,308,199,274,339
BATAAN,Province,2022,"12,435",947,788,926,844,902,910,"1,070","1,176","1,372","1,243","1,186","1,071"
BULACAN,Province,2022,"49,094","4,132","3,295","3,518","3,386","3,662","3,778","4,218","4,614","4,842","4,806","4,586","4,257"
NUEVA ECIJA,Province,2022,"31,088","2,697","2,100","2,373","2,265","2,321","2,250","2,722","2,840","3,063","2,928","2,873","2,656"
PAMPANGA,Province,2022,"35,439","2,900","2,481","2,753","2,352","2,457","2,734","2,997","3,308","3,606","3,487","3,288","3,076"
TARLAC,Province,2022,"20,433","1,724","1,336","1,492","1,422","1,382","1,477","1,656","1,922","2,159","2,047","1,959","1,857"
ZAMBALES,Province,2022,"9,295",764,615,691,642,642,651,796,830,"1,002",944,880,838
CITY OF ANGELES,City,2022,"6,428",482,451,530,468,511,475,569,577,614,613,571,567
CITY OF OLONGAPO,City,2022,"2,921",264,203,210,216,200,204,261,271,318,277,251,246
REGION IV-A (CALABARZON),Region,2022,"216,792","18,273","14,807","15,704","14,545","15,045","17,106","18,488","20,106","22,194","20,848","20,390","19,286"
BATANGAS,Province,2022,"37,410","3,307","2,668","2,771","2,239","1,728","2,959","3,373","3,668","4,024","3,619","3,552","3,502"
CAVITE,Province,2022,"56,534","4,614","3,737","3,996","3,825","4,135","4,414","4,892","5,236","5,720","5,479","5,425","5,061"
LAGUNA,Province,2022,"44,444","3,730","2,972","3,257","3,006","3,347","3,476","3,720","4,122","4,475","4,204","4,197","3,938"
QUEZON,Province,2022,"28,477","2,360","1,936","1,968","1,957","2,121","2,157","2,342","2,602","3,001","2,764","2,735","2,534"
RIZAL,Province,2022,"45,622","3,901","3,178","3,407","3,249","3,361","3,718","3,803","4,077","4,524","4,395","4,096","3,913"
CITY OF LUCENA,City,2022,"4,305",361,316,305,269,353,382,358,401,450,387,385,338
MIMAROPA REGION,Region,2022,"41,158","3,732","2,988","3,208","3,143","3,178","3,039","3,223","3,632","3,977","3,966","3,872","3,200"
MARINDUQUE,Province,2022,"2,942",258,197,212,209,214,230,246,267,321,300,290,198
OCCIDENTAL MINDORO,Province,2022,"7,607",735,565,606,551,566,523,580,689,770,721,657,644
ORIENTAL MINDORO,Province,2022,"12,654","1,065",845,899,856,957,926,974,"1,108","1,197","1,298","1,342","1,187"
PALAWAN,Province,2022,"11,058","1,046",881,893,975,929,868,921,974,937,997,955,682
ROMBLON,Province,2022,"3,895",305,247,297,262,276,256,277,337,426,432,394,386
CITY OF PUERTO PRINCESA,City,2022,"3,002",323,253,301,290,236,236,225,257,326,218,234,103
REGION V (BICOL REGION),Region,2022,"96,962","8,150","6,320","6,744","6,747","7,113","7,139","7,994","8,799","10,180","9,760","9,157","8,859"
ALBAY,Province,2022,"20,863","1,776","1,370","1,382","1,536","1,517","1,500","1,771","1,933","2,177","2,067","1,915","1,919"
CAMARINES NORTE,Province,2022,"11,225",929,729,736,800,860,853,979,"1,026","1,093","1,150","1,092",978
CAMARINES SUR,Province,2022,"32,899","2,794","2,147","2,300","2,211","2,390","2,428","2,655","2,966","3,502","3,290","3,134","3,082"
CATANDUANES,Province,2022,"4,247",303,291,312,289,333,297,321,376,461,471,405,388
MASBATE,Province,2022,"14,480","1,221",915,"1,049",998,"1,019","1,093","1,236","1,341","1,556","1,450","1,353","1,249"
SORSOGON,Province,2022,"13,248","1,127",868,965,913,994,968,"1,032","1,157","1,391","1,332","1,258","1,243"
REGION VI (WESTERN VISAYAS),Region,2022,"89,901","7,485","6,091","6,748","6,560","6,550","6,431","7,219","7,929","9,412","8,759","8,411","8,306"
AKLAN,Province,2022,"7,148",576,465,545,497,510,535,597,567,727,726,700,703
ANTIQUE,Province,2022,"6,504",517,462,535,512,475,468,528,549,648,616,575,619
CAPIZ,Province,2022,"9,394",766,619,687,653,699,690,744,834,982,940,917,863
GUIMARAS,Province,2022,"2,339",192,157,168,170,157,133,197,204,269,216,241,235
ILOILO,Province,2022,"23,333","1,932","1,457","1,670","1,657","1,612","1,677","1,945","2,152","2,467","2,340","2,230","2,194"
NEGROS OCCIDENTAL,Province,2022,"31,109","2,659","2,225","2,419","2,324","2,298","2,176","2,405","2,733","3,293","2,977","2,816","2,784"
CITY OF BACOLOD,City,2022,"5,096",410,366,379,360,392,381,409,424,523,477,497,478
CITY OF ILOILO,City,2022,"4,978",433,340,345,387,407,371,394,466,503,467,435,430
REGION VII (CENTRAL VISAYAS),Region,2022,"119,291","9,934","8,320","8,846","8,407","8,822","9,449","10,148","10,223","11,693","11,648","11,133","10,668"
BOHOL,Province,2022,"17,556","1,468","1,173","1,317","1,263","1,239","1,286","1,463","1,498","1,761","1,793","1,644","1,651"
CEBU,Province,2022,"50,324","4,144","3,488","3,665","3,406","3,740","4,144","4,329","4,267","4,918","4,926","4,796","4,501"
NEGROS ORIENTAL,Province,2022,"20,916","1,820","1,493","1,665","1,628","1,631","1,566","1,717","1,761","1,988","1,939","1,855","1,853"
SIQUIJOR,Province,2022,"1,119",104,103,87,76,71,71,96,100,97,106,108,100
CITY OF CEBU,City,2022,"15,461","1,224","1,074","1,168","1,133","1,177","1,246","1,300","1,346","1,514","1,504","1,415","1,360"
CITY OF LAPU-LAPU,City,2022,"8,163",704,571,552,516,566,665,749,748,812,817,767,696
CITY OF MANDAUE,City,2022,"5,752",470,418,392,385,398,471,494,503,603,563,548,507
REGION VIII (EASTERN VISAYAS),Region,2022,"62,753","5,381","4,481","4,626","4,698","4,906","5,132","5,601","5,690","5,593","5,263","5,815","5,567"
BILIRAN,Province,2022,"2,925",226,204,180,242,226,235,245,259,289,296,262,261
EASTERN SAMAR,Province,2022,"6,745",594,470,441,514,540,550,648,598,627,618,586,559
LEYTE,Province,2022,"24,666","2,164","1,852","1,901","1,857","1,904","2,025","2,211","2,209","2,103","1,887","2,324","2,229"
NORTHERN SAMAR,Province,2022,"8,407",664,578,619,633,651,719,709,820,826,672,750,766
SAMAR,Province,2022,"12,077","1,001",805,855,847,960,980,"1,079","1,076","1,128","1,112","1,109","1,125"
SOUTHERN LEYTE,Province,2022,"4,604",414,325,371,371,333,325,400,413,462,453,435,302
CITY OF TACLOBAN,City,2022,"3,329",318,247,259,234,292,298,309,315,158,225,349,325
REGION IX (ZAMBOANGA PENINSULA),Region,2022,"56,407","4,533","3,800","4,458","4,501","4,530","4,397","4,591","4,775","5,244","5,294","5,217","5,067"
ZAMBOANGA DEL NORTE,Province,2022,"15,629","1,278","1,081","1,238","1,224","1,247","1,161","1,244","1,359","1,437","1,476","1,462","1,422"
ZAMBOANGA DEL SUR,Province,2022,"15,343","1,230","1,023","1,201","1,231","1,224","1,209","1,349","1,250","1,449","1,473","1,371","1,333"
ZAMBOANGA SIBUGAY,Province,2022,"10,439",836,712,832,843,811,838,843,877,977,920,971,979
CITY OF ISABELA,City,2022,"1,271",114,87,104,105,114,99,84,111,120,120,96,117
CITY OF ZAMBOANGA,City,2022,"13,725","1,075",897,"1,083","1,098","1,134","1,090","1,071","1,178","1,261","1,305","1,317","1,216"
REGION X (NORTHERN MINDANAO),Region,2022,"79,433","6,662","5,562","6,042","5,675","6,344","6,655","6,655","6,352","7,528","7,252","7,292","7,414"
BUKIDNON,Province,2022,"27,694","2,278","1,962","2,028","1,712","2,187","2,375","2,404","2,474","2,638","2,508","2,548","2,580"
CAMIGUIN,Province,2022,"1,091",101,77,93,94,97,86,105,104,132,54,45,103
LANAO DEL NORTE,Province,2022,"9,120",848,666,772,763,800,787,679,406,862,853,794,890
MISAMIS OCCIDENTAL,Province,2022,"9,791",846,662,734,752,789,765,869,818,911,914,898,833
MISAMIS ORIENTAL,Province,2022,"14,708","1,204",981,"1,081","1,123","1,156","1,215","1,355","1,190","1,326","1,364","1,329","1,384"
CITY OF CAGAYAN DE ORO,City,2022,"11,850",953,837,917,805,870,964,"1,032","1,048","1,089","1,047","1,162","1,126"
CITY OF ILIGAN,City,2022,"5,179",432,377,417,426,445,463,211,312,570,512,516,498
REGION XI (DAVAO REGION),Region,2022,"75,087","6,461","5,272","5,671","5,849","5,935","6,031","6,188","6,361","6,935","6,742","6,968","6,674"
DAVAO DE ORO,Province,2022,"11,897","1,039",835,882,923,964,"1,040","1,020",983,"1,051","1,118","1,046",996
DAVAO DEL NORTE,Province,2022,"16,175","1,360","1,141","1,249","1,225","1,222","1,281","1,327","1,408","1,497","1,491","1,462","1,512"
DAVAO DEL SUR,Province,2022,"10,118",897,694,731,839,808,764,833,872,956,867,"1,006",851
DAVAO OCCIDENTAL,Province,2022,"1,973",176,150,163,154,162,164,162,190,160,127,184,181
DAVAO ORIENTAL,Province,2022,"8,336",720,609,618,652,656,691,664,665,805,735,802,719
CITY OF DAVAO,City,2022,"26,588","2,269","1,843","2,028","2,056","2,123","2,091","2,182","2,243","2,466","2,404","2,468","2,415"
REGION XII (SOCCSKSARGEN),Region,2022,"70,224","5,931","5,016","5,713","5,697","5,719","5,579","6,079","6,062","6,222","5,883","6,211","6,112"
COTABATO,Province,2022,"23,430","1,931","1,761","1,912","1,925","1,969","1,789","1,994","1,984","2,128","2,060","2,062","1,915"
SARANGANI,Province,2022,"8,963",795,621,727,744,729,840,852,820,739,510,810,776
SOUTH COTABATO,Province,2022,"15,067","1,253","1,065","1,237","1,221","1,215","1,171","1,236","1,304","1,353","1,350","1,280","1,382"
SULTAN KUDARAT,Province,2022,"12,200","1,041",883,977,995,948,917,"1,111","1,058","1,076","1,072","1,046","1,076"
CITY OF GENERAL SANTOS,City,2022,"10,564",911,686,860,812,858,862,886,896,926,891,"1,013",963
REGION XIII (Caraga),Region,2022,"39,986","3,443","2,815","3,042","2,974","3,180","3,201","3,421","3,552","3,784","3,304","3,732","3,538"
AGUSAN DEL NORTE,Province,2022,"5,365",456,365,388,393,428,414,473,479,565,479,485,440
AGUSAN DEL SUR,Province,2022,"11,018",957,809,890,830,869,878,957,967,"1,040",958,971,892
DINAGAT ISLANDS,Province,2022,"1,303",83,89,95,87,106,89,101,125,140,128,134,126
SURIGAO DEL NORTE,Province,2022,"6,695",604,500,521,506,558,538,605,638,555,302,690,678
SURIGAO DEL SUR,Province,2022,"10,490",933,729,753,775,812,861,873,898,973,964,"1,006",913
CITY OF BUTUAN,City,2022,"5,115",410,323,395,383,407,421,412,445,511,473,446,489
BANGSAMORO AUTONOMOUS REGION IN MUSLIM MINDANAO (BARMM),Region,2022,"40,035","3,587","3,231","3,429","3,396","3,536","3,282","3,187","2,947","3,217","3,218","3,424","3,581"
BASILAN,Province,2022,"3,141",264,216,244,258,269,250,256,261,293,281,266,283
LANAO DEL SUR,Province,2022,"8,888",781,710,699,741,755,724,712,671,714,727,811,843
MAGUINDANAO,Province,2022,"22,120","1,919","1,745","1,908","1,829","1,944","1,800","1,728","1,534","1,775","1,888","1,958","2,092"
SULU,Province,2022,"4,087",408,385,402,393,365,357,352,360,306,204,284,271
TAWI-TAWI,Province,2022,"1,799",215,175,176,175,203,151,139,121,129,118,105,92
FOREIGN COUNTRY,,2022,56,3,5,2,3,3,3,6,8,3,7,6,7
TOTAL,,2023,"1,448,522","133,758","111,465","119,883","111,867","116,152","111,149","115,608","119,645","134,307","132,252","123,096","119,340"
NATIONAL CAPITAL REGION (NCR),Region,2023,"164,002","13,891","11,829","12,998","12,326","13,152","12,660","13,479","14,086","15,335","15,672","14,490","14,084"
City of Caloocan,City,2023,"20,234","1,731","1,524","1,623","1,499","1,693","1,495","1,620","1,771","1,923","1,918","1,747","1,690"
City of Las Piñas,City,2023,"7,337",612,504,581,580,603,627,606,579,683,662,643,657
City of Makati,City,2023,"5,516",518,437,455,456,446,429,481,471,476,474,449,424
City of Malabon,City,2023,"5,072",406,375,392,410,371,354,458,455,477,512,431,431
City of Mandaluyong,City,2023,"4,572",391,301,353,310,386,365,365,401,420,450,419,411
City of Manila,City,2023,"23,896","1,996","1,684","1,867","1,790","1,933","1,862","1,934","2,097","2,240","2,300","2,134","2,059"
City of Marikina,City,2023,"5,737",490,403,457,411,497,465,465,477,543,542,494,493
City of Muntinlupa,City,2023,"6,045",513,444,502,466,476,481,444,512,574,581,525,527
City of Navotas,City,2023,"3,651",299,264,255,316,307,273,312,292,345,341,336,311
City of Parañaque,City,2023,"8,108",663,600,645,587,626,636,710,708,746,784,705,698
Pasay City,City,2023,"5,018",434,372,413,355,413,361,431,436,439,472,456,436
City of Pasig,City,2023,"10,674",964,748,844,786,788,806,870,925,993,"1,066",965,919
Quezon City,City,2023,"34,784","2,994","2,547","2,834","2,593","2,762","2,660","2,865","2,924","3,261","3,384","3,038","2,922"
City of San Juan,City,2023,"1,260",126,92,96,106,95,119,94,97,118,103,110,104
City of Taguig,City,2023,"12,921","1,029",887,983,979,"1,009",997,"1,062","1,125","1,212","1,212","1,231","1,195"
City of Valenzuela,City,2023,"8,489",685,587,648,635,695,677,712,755,808,794,742,751
Pateros,City,2023,688,40,60,50,47,52,53,50,61,77,77,65,56
CORDILLERA ADMINISTRATIVE REGION (CAR),Region,2023,"25,447","2,294","1,973","2,102","1,974","1,969","2,009","1,991","2,117","2,434","2,229","2,149","2,206"
ABRA,Province,2023,"2,819",286,219,211,202,190,216,229,245,261,254,266,240
APAYAO,Province,2023,"1,898",157,138,129,143,154,143,158,163,179,172,176,186
BENGUET,Province,2023,"6,338",598,514,575,527,514,464,461,547,564,546,487,541
IFUGAO,Province,2023,"3,311",304,251,275,248,268,255,282,270,310,273,291,284
KALINGA,Province,2023,"3,855",311,278,316,298,283,320,284,299,408,356,359,343
MOUNTAIN PROVINCE,Province,2023,"2,300",230,180,188,168,170,186,199,192,224,207,168,188
CITY OF BAGUIO,Province,2023,"4,926",408,393,408,388,390,425,378,401,488,421,402,424
REGION I (ILOCOS REGION),Region,2023,"67,988","6,143","4,930","5,267","4,988","5,198","5,054","5,293","5,530","6,742","6,614","6,229","6,000"
ILOCOS NORTE,Province,2023,"7,062",577,492,529,511,520,526,582,529,777,745,651,623
ILOCOS SUR,Province,2023,"7,909",753,602,659,543,587,606,616,671,803,708,678,683
LA UNION,Province,2023,"9,719",907,678,800,743,783,719,751,775,892,918,878,875
PANGASINAN,Province,2023,"43,298","3,906","3,158","3,279","3,191","3,308","3,203","3,344","3,555","4,270","4,243","4,022","3,819"
REGION II (CAGAYAN VALLEY),Region,2023,"48,749","4,454","3,588","3,849","3,618","3,521","3,552","3,915","4,085","4,814","4,687","4,370","4,296"
BATANES,Province,2023,222,24,11,18,22,11,9,20,21,23,23,21,19
CAGAYAN,Province,2023,"15,465","1,416","1,139","1,169","1,119","1,133","1,149","1,235","1,296","1,588","1,517","1,333","1,371"
ISABELA,Province,2023,"22,579","2,079","1,674","1,754","1,657","1,609","1,615","1,780","1,914","2,231","2,189","2,096","1,981"
NUEVA VIZCAYA,Province,2023,"7,328",664,534,637,558,541,570,613,598,681,641,652,639
QUIRINO,Province,2023,"3,155",271,230,271,262,227,209,267,256,291,317,268,286
REGION III (CENTRAL LUZON),Region,2023,"166,344","14,975","12,308","13,146","12,398","13,094","12,673","13,192","13,835","16,268","15,953","14,733","13,769"
AURORA,Province,2023,"3,751",361,252,333,289,284,282,251,324,380,323,339,333
BATAAN,Province,2023,"12,416","1,133",929,948,873,975,915,948,"1,047","1,185","1,234","1,171","1,058"
BULACAN,Province,2023,"47,298","4,366","3,528","3,740","3,563","3,741","3,699","3,845","3,863","4,428","4,668","4,080","3,777"
NUEVA ECIJA,Province,2023,"29,929","2,671","2,185","2,394","2,227","2,290","2,234","2,392","2,556","3,034","2,878","2,734","2,334"
PAMPANGA,Province,2023,"34,830","3,074","2,527","2,714","2,561","2,799","2,612","2,703","2,968","3,492","3,309","3,119","2,952"
TARLAC,Province,2023,"19,878","1,753","1,524","1,556","1,480","1,538","1,510","1,528","1,575","1,961","1,964","1,750","1,739"
ZAMBALES,Province,2023,"8,984",807,669,709,690,694,724,769,736,907,724,752,803
CITY OF ANGELES,City,2023,"6,353",522,477,528,507,510,481,504,549,615,578,532,550
CITY OF OLONGAPO,City,2023,"2,905",288,217,224,208,263,216,252,217,266,275,256,223
REGION IV-A (CALABARZON),Region,2023,"217,906","19,298","16,183","17,135","15,696","17,204","16,800","17,361","18,281","20,607","20,738","19,680","18,923"
BATANGAS,Province,2023,"39,060","3,486","2,919","3,039","2,712","3,079","2,970","3,053","3,283","3,706","3,806","3,613","3,394"
CAVITE,Province,2023,"57,275","4,887","4,185","4,516","4,196","4,505","4,388","4,598","4,858","5,454","5,494","5,135","5,059"
LAGUNA,Province,2023,"44,575","3,872","3,253","3,502","3,252","3,501","3,625","3,529","3,756","4,206","4,194","4,022","3,863"
QUEZON,Province,2023,"27,480","2,532","2,150","2,198","1,947","2,156","1,968","2,170","2,225","2,650","2,627","2,444","2,413"
RIZAL,Province,2023,"45,096","4,064","3,363","3,527","3,284","3,626","3,520","3,641","3,787","4,195","4,239","4,052","3,798"
CITY OF LUCENA,City,2023,"4,420",457,313,353,305,337,329,370,372,396,378,414,396
MIMAROPA REGION,Region,2023,"43,467","4,029","3,339","3,650","3,418","3,361","3,257","3,315","3,375","4,093","4,004","3,859","3,767"
MARINDUQUE,Province,2023,"2,856",295,214,248,207,222,204,196,210,283,257,267,253
OCCIDENTAL MINDORO,Province,2023,"7,185",688,573,605,583,541,520,534,574,682,662,627,596
ORIENTAL MINDORO,Province,2023,"12,761","1,130",979,"1,037",941,953,925,983,989,"1,244","1,216","1,204","1,160"
PALAWAN,Province,2023,"13,120","1,223","1,015","1,166","1,066","1,079","1,019","1,030",982,"1,140","1,192","1,132","1,076"
ROMBLON,Province,2023,"4,173",378,297,327,331,298,320,305,348,410,389,367,403
CITY OF PUERTO PRINCESA,City,2023,"3,372",315,261,267,290,268,269,267,272,334,288,262,279
REGION V (BICOL REGION),Region,2023,"97,716","9,278","7,459","7,632","7,037","7,364","7,177","7,695","7,985","9,673","9,180","8,460","8,776"
ALBAY,Province,2023,"20,813","1,928","1,531","1,570","1,472","1,522","1,524","1,663","1,744","2,087","1,971","1,845","1,956"
CAMARINES NORTE,Province,2023,"11,179","1,076",845,863,787,867,832,889,926,"1,071","1,030",985,"1,008"
CAMARINES SUR,Province,2023,"32,652","3,080","2,544","2,594","2,416","2,431","2,429","2,565","2,656","3,262","3,026","2,764","2,885"
CATANDUANES,Province,2023,"4,177",390,340,337,307,343,332,323,341,438,354,336,336
MASBATE,Province,2023,"15,060","1,539","1,159","1,188","1,054","1,145","1,034","1,166","1,157","1,515","1,482","1,324","1,297"
SORSOGON,Province,2023,"13,835","1,265","1,040","1,080","1,001","1,056","1,026","1,089","1,161","1,300","1,317","1,206","1,294"
REGION VI (WESTERN VISAYAS),Region,2023,"87,204","8,497","6,920","7,506","6,849","7,060","6,791","6,889","7,258","7,969","7,782","7,357","6,326"
AKLAN,Province,2023,"7,434",658,599,586,594,642,535,575,546,672,692,679,656
ANTIQUE,Province,2023,"6,045",611,547,551,549,482,478,492,493,521,424,404,493
CAPIZ,Province,2023,"9,598",899,667,812,697,748,732,706,830,878,928,836,865
GUIMARAS,Province,2023,"2,447",225,186,190,198,174,180,175,192,266,232,198,231
ILOILO,Province,2023,"23,596","2,164","1,753","1,967","1,722","1,896","1,820","1,793","2,038","2,165","2,199","2,073","2,006"
NEGROS OCCIDENTAL,Province,2023,"27,726","3,013","2,334","2,532","2,287","2,296","2,249","2,356","2,313","2,482","2,329","2,324","1,211"
CITY OF BACOLOD,City,2023,"5,436",500,431,441,428,433,426,427,436,542,502,445,425
CITY OF ILOILO,City,2023,"4,922",427,403,427,374,389,371,365,410,443,476,398,439
REGION VII (CENTRAL VISAYAS),Region,2023,"117,337","10,586","8,803","9,623","8,914","9,369","8,916","9,500","9,531","10,757","10,975","10,133","10,230"
BOHOL,Province,2023,"18,025","1,668","1,442","1,520","1,355","1,418","1,275","1,472","1,454","1,658","1,663","1,568","1,532"
CEBU,Province,2023,"49,099","4,410","3,607","3,872","3,688","3,829","3,749","3,999","4,039","4,556","4,612","4,328","4,410"
NEGROS ORIENTAL,Province,2023,"20,142","1,920","1,610","1,842","1,559","1,602","1,594","1,587","1,569","1,722","1,800","1,599","1,738"
SIQUIJOR,Province,2023,"1,061",92,79,88,74,99,90,83,97,95,99,78,87
CITY OF CEBU,City,2023,"15,207","1,300","1,118","1,196","1,161","1,283","1,200","1,223","1,238","1,390","1,437","1,375","1,286"
CITY OF LAPU-LAPU,City,2023,"8,137",724,537,673,615,647,619,625,672,784,795,711,735
CITY OF MANDAUE,City,2023,"5,666",472,410,432,462,491,389,511,462,552,569,474,442
REGION VIII (EASTERN VISAYAS),Region,2023,"60,003","5,742","4,924","5,336","4,738","4,912","4,417","4,738","4,862","5,624","5,458","4,425","4,827"
BILIRAN,Province,2023,"2,654",264,215,235,216,233,186,194,216,217,246,207,225
EASTERN SAMAR,Province,2023,"6,333",593,501,565,506,520,462,504,536,582,579,473,512
LEYTE,Province,2023,"24,190","2,333","1,965","2,104","1,837","1,965","1,839","1,965","1,978","2,337","2,136","1,747","1,984"
NORTHERN SAMAR,Province,2023,"7,607",785,667,738,670,669,522,586,563,611,715,569,512
SAMAR,Province,2023,"11,570","1,059",992,"1,020",885,934,803,900,904,"1,118","1,040",941,974
SOUTHERN LEYTE,Province,2023,"4,410",400,328,407,336,320,335,315,380,406,421,364,398
CITY OF TACLOBAN,City,2023,"3,239",308,256,267,288,271,270,274,285,353,321,124,222
REGION IX (ZAMBOANGA PENINSULA),Region,2023,"55,313","5,397","4,568","4,992","4,779","4,618","4,366","4,277","4,367","4,689","4,602","4,429","4,229"
ZAMBOANGA DEL NORTE,Province,2023,"15,333","1,474","1,261","1,329","1,307","1,316","1,239","1,156","1,193","1,285","1,209","1,297","1,267"
ZAMBOANGA DEL SUR,Province,2023,"15,279","1,456","1,211","1,365","1,344","1,271","1,215","1,208","1,215","1,319","1,289","1,188","1,198"
ZAMBOANGA SIBUGAY,Province,2023,"9,481",937,826,913,807,754,736,706,755,792,760,807,688
CITY OF ISABELA,City,2023,"1,275",156,111,139,104,103,87,103,85,115,122,94,56
CITY OF ZAMBOANGA,City,2023,"13,945","1,374","1,159","1,246","1,217","1,174","1,089","1,104","1,119","1,178","1,222","1,043","1,020"
REGION X (NORTHERN MINDANAO),Region,2023,"79,551","7,682","6,438","6,820","6,556","6,618","6,167","6,348","6,465","6,846","6,761","6,399","6,451"
BUKIDNON,Province,2023,"27,484","2,640","2,345","2,389","2,236","2,260","2,140","2,180","2,236","2,359","2,326","2,181","2,192"
CAMIGUIN,Province,2023,719,98,81,96,106,96,95,57,17,28,14,17,14
LANAO DEL NORTE,Province,2023,"9,202",925,763,803,785,771,716,749,696,754,797,709,734
MISAMIS OCCIDENTAL,Province,2023,"9,741",941,727,818,814,810,773,747,792,875,807,813,824
MISAMIS ORIENTAL,Province,2023,"14,922","1,436","1,194","1,236","1,219","1,234","1,141","1,198","1,246","1,285","1,259","1,232","1,242"
CITY OF CAGAYAN DE ORO,City,2023,"12,090","1,122",908,"1,038",968,976,904,944,"1,034","1,074","1,074","1,002","1,046"
CITY OF ILIGAN,City,2023,"5,393",520,420,440,428,471,398,473,444,471,484,445,399
REGION XI (DAVAO REGION),Region,2023,"73,622","6,869","5,649","6,380","6,024","6,154","5,673","5,858","6,118","6,545","6,407","6,144","5,801"
DAVAO DE ORO,Province,2023,"11,587","1,154",887,"1,013",932,954,865,912,907,"1,048","1,033",959,923
DAVAO DEL NORTE,Province,2023,"15,813","1,460","1,211","1,394","1,274","1,314","1,187","1,267","1,344","1,410","1,396","1,284","1,272"
DAVAO DEL SUR,Province,2023,"9,870",923,727,882,783,843,819,765,809,865,845,829,780
DAVAO OCCIDENTAL,Province,2023,"2,291",200,189,210,201,211,168,169,177,199,200,192,175
DAVAO ORIENTAL,Province,2023,"8,470",814,706,740,716,737,632,675,692,714,692,733,619
CITY OF DAVAO,City,2023,"25,591","2,318","1,929","2,141","2,118","2,095","2,002","2,070","2,189","2,309","2,241","2,147","2,032"
REGION XII (SOCCSKSARGEN),Region,2023,"69,223","6,564","5,554","6,001","5,686","5,941","5,495","5,447","5,565","6,019","5,858","5,629","5,464"
COTABATO,Province,2023,"22,676","2,176","1,834","1,917","1,879","1,897","1,767","1,764","1,845","2,006","1,918","1,883","1,790"
SARANGANI,Province,2023,"9,746",952,758,842,804,844,814,742,772,832,837,769,780
SOUTH COTABATO,Province,2023,"14,820","1,378","1,153","1,278","1,202","1,298","1,157","1,191","1,217","1,275","1,299","1,205","1,167"
SULTAN KUDARAT,Province,2023,"11,851","1,135","1,005","1,058","1,049","1,011",889,957,937,"1,023",937,935,915
CITY OF GENERAL SANTOS,City,2023,"10,130",923,804,906,752,891,868,793,794,883,867,837,812
REGION XIII (Caraga),Region,2023,"38,474","3,653","3,223","3,407","3,103","3,170","2,973","3,086","3,159","3,478","3,477","3,057","2,688"
AGUSAN DEL NORTE,Province,2023,"4,738",414,395,420,393,434,370,367,392,434,433,365,321
AGUSAN DEL SUR,Province,2023,"9,810",999,813,894,840,797,775,836,819,923,857,735,522
DINAGAT ISLANDS,Province,2023,"1,420",155,119,100,98,109,107,125,128,116,123,129,111
SURIGAO DEL NORTE,Province,2023,"7,347",699,628,679,543,617,580,570,586,651,697,569,528
SURIGAO DEL SUR,Province,2023,"10,262",945,894,898,843,804,775,784,857,912,907,830,813
CITY OF BUTUAN,City,2023,"4,897",441,374,416,386,409,366,404,377,442,460,429,393
BANGSAMORO AUTONOMOUS REGION IN MUSLIM MINDANAO (BARMM),Region,2023,"36,066","4,395","3,771","4,031","3,761","3,437","3,158","3,215","3,018","2,402","1,844","1,542","1,492"
BASILAN,Province,2023,"3,036",358,333,344,298,235,230,215,218,235,224,209,137
LANAO DEL SUR,Province,2023,"10,179","1,095",941,"1,025",943,850,729,883,743,758,718,730,764
MAGUINDANAO,Province,2023,"15,899","2,139","1,827","1,938","1,858","1,737","1,582","1,542","1,548",889,403,209,227
SULU,Province,2023,"5,020",561,450,521,478,443,452,417,371,381,361,302,283
TAWI-TAWI,Province,2023,"1,932",242,220,203,184,172,165,158,138,139,138,92,81
FOREIGN COUNTRY,,2023,110,11,6,8,2,10,11,9,8,12,11,11,11
TOTAL,,2024,"761,227","112,372","93,409","98,879","98,774","94,173","82,921","83,385","67,734","29,186",394,,
NATIONAL CAPITAL REGION (NCR),Region,2024,"100,213","12,559","10,503","11,055","11,670","11,761","11,231","12,081","12,768","6,585",-,,
City of Caloocan,City,2024,"12,057","1,491","1,259","1,321","1,428","1,311","1,353","1,475","1,583",836,-,,
City of Las Piñas,City,2024,"4,277",539,453,426,507,520,464,525,555,288,-,,
City of Makati,City,2024,"2,135",276,239,235,235,269,228,250,232,171,-,,
City of Malabon,City,2024,"3,043",360,314,356,335,321,356,350,406,245,-,,
City of Mandaluyong,City,2024,"2,944",411,323,335,332,322,327,374,360,160,-,,
City of Manila,City,2024,"14,859","1,856","1,540","1,548","1,738","1,779","1,596","1,838","1,879","1,085",-,,
City of Marikina,City,2024,"3,828",454,353,460,398,460,419,488,488,308,-,,
City of Muntinlupa,City,2024,"3,541",425,387,404,397,448,396,405,399,280,-,,
City of Navotas,City,2024,"2,095",268,223,225,237,252,229,260,275,126,-,,
City of Parañaque,City,2024,"4,842",624,528,494,578,578,526,595,628,291,-,,
Pasay City,City,2024,"3,227",379,334,360,412,380,313,401,396,252,-,,
City of Pasig,City,2024,"6,633",842,717,740,732,800,817,778,888,319,-,,
Quezon City,City,2024,"21,196","2,709","2,262","2,363","2,524","2,526","2,458","2,553","2,767","1,034",-,,
City of San Juan,City,2024,788,83,60,109,106,80,87,97,102,64,-,,
City of Taguig,City,2024,"9,417","1,114",971,"1,072","1,063","1,083","1,083","1,106","1,184",741,-,,
City of Valenzuela,City,2024,"4,863",673,490,560,593,586,513,531,569,348,-,,
Pateros,City,2024,468,55,50,47,55,46,66,55,57,37,-,,
CORDILLERA ADMINISTRATIVE REGION (CAR),Region,2024,"14,195","2,042","1,681","1,786","1,696","1,889","1,789","1,852","1,429",27,4,,
ABRA,Province,2024,"1,545",244,176,176,196,218,188,194,153,-,-,,
APAYAO,Province,2024,"1,010",156,116,141,112,129,136,151,67,2,-,,
BENGUET,Province,2024,"3,361",490,423,420,406,470,439,422,290,1,-,,
IFUGAO,Province,2024,"1,855",245,196,250,238,236,226,258,194,9,3,,
KALINGA,Province,2024,"2,174",324,223,266,234,294,265,281,280,7,-,,
MOUNTAIN PROVINCE,Province,2024,"1,315",180,175,151,104,185,178,178,156,7,1,,
CITY OF BAGUIO,Province,2024,"2,935",403,372,382,406,357,357,368,289,1,-,,
REGION I (ILOCOS REGION),Region,2024,"28,587","5,297","4,145","4,510","4,637","4,241","1,681","1,921","1,665",490,-,,
ILOCOS NORTE,Province,2024,"3,759",544,379,472,491,454,451,494,473,1,-,,
ILOCOS SUR,Province,2024,"4,195",635,503,507,579,530,494,570,355,22,-,,
LA UNION,Province,2024,"6,095",747,613,679,751,723,639,758,760,425,-,,
PANGASINAN,Province,2024,"14,538","3,371","2,650","2,852","2,816","2,534",97,99,77,42,-,,
REGION II (CAGAYAN VALLEY),Region,2024,"28,894","3,620","3,155","3,146","3,015","3,167","3,024","3,462","3,490","2,428",387,,
BATANES,Province,2024,108,20,9,8,16,11,17,17,10,-,-,,
CAGAYAN,Province,2024,"9,023","1,058",987,"1,009","1,064",984,841,"1,091","1,119",870,-,,
ISABELA,Province,2024,"13,988","1,716","1,432","1,421","1,228","1,416","1,446","1,660","1,765","1,524",380,,
NUEVA VIZCAYA,Province,2024,"4,027",569,517,515,502,557,524,458,373,10,2,,
QUIRINO,Province,2024,"1,748",257,210,193,205,199,196,236,223,24,5,,
REGION III (CENTRAL LUZON),Region,2024,"88,348","12,825","10,460","10,944","11,620","11,452","10,360","9,559","7,141","3,987",-,,
AURORA,Province,2024,"2,005",295,224,250,246,258,260,270,167,35,-,,
BATAAN,Province,2024,"5,479",916,815,797,828,769,765,544,35,10,-,,
BULACAN,Province,2024,"21,661","3,579","2,879","3,093","3,220","3,224","2,994","2,069",388,215,-,,
NUEVA ECIJA,Province,2024,"18,483","2,357","1,911","1,899","2,156","2,062","1,932","2,137","2,325","1,704",-,,
PAMPANGA,Province,2024,"21,334","2,708","2,197","2,393","2,460","2,489","2,243","2,550","2,608","1,686",-,,
TARLAC,Province,2024,"10,041","1,502","1,269","1,261","1,430","1,341","1,266","1,249",699,24,-,,
ZAMBALES,Province,2024,"4,057",754,577,606,638,680,338,198,261,5,-,,
CITY OF ANGELES,City,2024,"3,968",511,403,461,451,429,440,463,502,308,-,,
CITY OF OLONGAPO,City,2024,"1,320",203,185,184,191,200,122,79,156,-,-,,
REGION IV-A (CALABARZON),Region,2024,"130,243","16,860","14,131","14,987","15,363","15,448","15,085","16,171","14,912","7,286",-,,
BATANGAS,Province,2024,"24,535","3,086","2,597","2,714","2,768","2,587","2,747","2,913","2,940","2,183",-,,
CAVITE,Province,2024,"36,473","4,351","3,777","4,065","4,123","4,172","3,968","4,256","4,588","3,173",-,,
LAGUNA,Province,2024,"24,333","3,383","2,826","2,982","3,065","3,212","3,167","3,335","2,228",135,-,,
QUEZON,Province,2024,"15,231","2,199","1,806","1,853","1,949","1,977","1,900","2,023","1,500",24,-,,
RIZAL,Province,2024,"27,408","3,488","2,863","3,096","3,190","3,177","3,015","3,351","3,460","1,768",-,,
CITY OF LUCENA,City,2024,"2,263",353,262,277,268,323,288,293,196,3,-,,
MIMAROPA REGION,Region,2024,"25,318","3,406","2,887","3,107","3,049","3,178","2,897","3,087","2,498","1,209",-,,
MARINDUQUE,Province,2024,"1,490",220,186,183,192,199,165,215,130,-,-,,
OCCIDENTAL MINDORO,Province,2024,"4,380",531,487,497,542,559,445,514,484,321,-,,
ORIENTAL MINDORO,Province,2024,"8,141","1,013",839,851,864,916,864,946,967,881,-,,
PALAWAN,Province,2024,"7,300","1,076",909,983,941,972,884,908,625,2,-,,
ROMBLON,Province,2024,"2,282",340,272,320,293,297,314,289,153,4,-,,
CITY OF PUERTO PRINCESA,City,2024,"1,725",226,194,273,217,235,225,215,139,1,-,,
REGION V (BICOL REGION),Region,2024,"55,077","7,870","6,329","6,493","6,861","6,843","6,447","6,780","5,034","2,420",-,,
ALBAY,Province,2024,"11,395","1,660","1,280","1,387","1,444","1,470","1,394","1,512","1,243",5,-,,
CAMARINES NORTE,Province,2024,"7,334",925,723,736,834,827,797,885,803,804,-,,
CAMARINES SUR,Province,2024,"19,778","2,656","2,160","2,115","2,336","2,238","2,106","2,407","2,164","1,596",-,,
CATANDUANES,Province,2024,"2,194",324,246,283,254,276,268,288,254,1,-,,
MASBATE,Province,2024,"7,619","1,150",981,"1,014","1,023","1,011",935,947,545,13,-,,
SORSOGON,Province,2024,"6,757","1,155",939,958,970,"1,021",947,741,25,1,-,,
REGION VI (WESTERN VISAYAS),Region,2024,"38,929","6,873","5,172","5,704","6,081","5,122","3,657","3,362","2,048",910,-,,
AKLAN,Province,2024,"4,722",617,472,512,582,591,549,547,539,313,-,,
ANTIQUE,Province,2024,"2,700",488,356,403,408,408,355,234,24,24,-,,
CAPIZ,Province,2024,"5,609",714,550,636,659,647,678,609,572,544,-,,
GUIMARAS,Province,2024,"1,382",193,175,172,168,174,168,172,160,-,-,,
ILOILO,Province,2024,"11,822","1,781","1,431","1,662","1,666","1,636","1,581","1,455",592,18,-,,
NEGROS OCCIDENTAL,Province,2024,"8,678","2,333","1,551","1,656","1,887","1,162",33,25,24,7,-,,
CITY OF BACOLOD,City,2024,"1,681",403,334,372,386,180,-,3,2,1,-,,
CITY OF ILOILO,City,2024,"2,335",344,303,291,325,324,293,317,135,3,-,,
REGION VII (CENTRAL VISAYAS),Region,2024,"44,200","9,210","7,766","8,236","7,140","4,408","2,620","2,831","1,986",3,-,,
BOHOL,Province,2024,"9,944","1,431","1,215","1,253","1,315","1,263","1,147","1,320","1,000",-,-,,
CEBU,Province,2024,"13,436","3,829","3,144","3,447","2,470",491,19,23,13,-,-,,
NEGROS ORIENTAL,Province,2024,"11,179","1,614","1,393","1,482","1,508","1,473","1,388","1,403",917,1,-,,
SIQUIJOR,Province,2024,600,94,87,69,86,75,61,75,53,-,-,,
CITY OF CEBU,City,2024,"5,274","1,183","1,086","1,059","1,039",895,5,5,2,-,-,,
CITY OF LAPU-LAPU,City,2024,"2,060",646,487,528,342,51,-,3,1,2,-,,
CITY OF MANDAUE,City,2024,"1,707",413,354,398,380,160,-,2,-,-,-,,
REGION VIII (EASTERN VISAYAS),Region,2024,"28,177","4,801","3,953","4,029","3,862","3,834","3,448","2,990","1,214",46,-,,
BILIRAN,Province,2024,"1,514",223,212,192,218,203,192,172,102,-,-,,
EASTERN SAMAR,Province,2024,"1,158",468,350,255,29,16,17,15,7,1,-,,
LEYTE,Province,2024,"12,110","1,986","1,631","1,773","1,748","1,778","1,580","1,216",395,3,-,,
NORTHERN SAMAR,Province,2024,"3,064",596,479,489,499,456,349,191,4,1,-,,
SAMAR,Province,2024,"6,237",947,779,790,805,804,772,897,402,41,-,,
SOUTHERN LEYTE,Province,2024,"2,348",336,289,321,308,320,276,285,213,-,-,,
CITY OF TACLOBAN,City,2024,"1,746",245,213,209,255,257,262,214,91,-,-,,
REGION IX (ZAMBOANGA PENINSULA),Region,2024,"27,023","4,092","3,484","3,817","3,770","3,595","2,712","2,889","2,069",595,-,,
ZAMBOANGA DEL NORTE,Province,2024,"8,125","1,161","1,000","1,111","1,050","1,039","1,043","1,016",661,44,-,,
ZAMBOANGA DEL SUR,Province,2024,"8,239","1,127",921,"1,059","1,055","1,099","1,035","1,140",802,1,-,,
ZAMBOANGA SIBUGAY,Province,2024,"5,512",627,611,539,578,655,629,723,601,549,-,,
CITY OF ISABELA,City,2024,489,121,86,112,102,64,2,2,-,-,-,,
CITY OF ZAMBOANGA,City,2024,"4,658","1,056",866,996,985,738,3,8,5,1,-,,
REGION X (NORTHERN MINDANAO),Region,2024,"43,356","6,072","5,092","5,621","5,559","5,853","5,521","5,598","4,035",5,-,,
BUKIDNON,Province,2024,"15,872","2,172","1,897","2,029","2,051","2,045","1,922","2,079","1,676",1,-,,
CAMIGUIN,Province,2024,99,12,14,18,14,11,12,8,10,-,-,,
LANAO DEL NORTE,Province,2024,"4,663",672,510,570,516,645,672,612,465,1,-,,
MISAMIS OCCIDENTAL,Province,2024,"5,229",721,609,634,562,743,713,666,581,-,-,,
MISAMIS ORIENTAL,Province,2024,"7,597","1,170",908,"1,100","1,072","1,094",980,923,349,1,-,,
CITY OF CAGAYAN DE ORO,City,2024,"7,017",915,810,908,908,901,858,927,789,1,-,,
CITY OF ILIGAN,City,2024,"2,879",410,344,362,436,414,364,383,165,1,-,,
REGION XI (DAVAO REGION),Region,2024,"38,726","5,370","4,748","5,140","5,124","4,963","4,759","5,000","3,617",5,-,,
DAVAO DE ORO,Province,2024,"6,602",852,735,802,781,851,823,976,782,-,-,,
DAVAO DEL NORTE,Province,2024,"8,475","1,179",950,"1,087","1,088","1,140","1,038","1,085",908,-,-,,
DAVAO DEL SUR,Province,2024,"5,490",620,641,730,715,782,730,748,523,1,-,,
DAVAO OCCIDENTAL,Province,2024,"1,251",176,161,168,162,170,159,161,92,2,-,,
DAVAO ORIENTAL,Province,2024,"2,877",643,569,559,578,117,151,161,98,1,-,,
CITY OF DAVAO,City,2024,"14,031","1,900","1,692","1,794","1,800","1,903","1,858","1,869","1,214",1,-,,
REGION XII (SOCCSKSARGEN),Region,2024,"38,155","5,334","4,769","5,281","5,210","4,491","4,212","3,455","3,012","2,391",-,,
COTABATO,Province,2024,"8,530","1,835","1,544","1,740","1,692",903,710,72,30,4,-,,
SARANGANI,Province,2024,"5,291",732,638,743,729,754,717,611,331,36,-,,
SOUTH COTABATO,Province,2024,"9,917","1,111","1,025","1,081","1,127","1,114","1,153","1,100","1,118","1,088",-,,
SULTAN KUDARAT,Province,2024,"8,030",891,860,938,955,983,880,883,821,819,-,,
CITY OF GENERAL SANTOS,City,2024,"6,387",765,702,779,707,737,752,789,712,444,-,,
REGION XIII (Caraga),Region,2024,"14,694","2,825","2,375","2,118","1,478","1,687","1,665","1,293",570,683,-,,
AGUSAN DEL NORTE,Province,2024,968,335,297,217,68,12,17,18,4,-,-,,
AGUSAN DEL SUR,Province,2024,"2,937",740,623,445,218,400,444,38,26,3,-,,
DINAGAT ISLANDS,Province,2024,665,111,79,86,79,81,82,87,60,-,-,,
SURIGAO DEL NORTE,Province,2024,"3,771",556,448,547,456,502,442,471,348,1,-,,
SURIGAO DEL SUR,Province,2024,"5,547",747,622,677,649,690,676,677,130,679,-,,
CITY OF BUTUAN,City,2024,806,336,306,146,8,2,4,2,2,-,-,,
BANGSAMORO AUTONOMOUS REGION IN MUSLIM MINDANAO (BARMM),Region,2024,"17,002","3,303","2,748","2,890","2,630","2,233","1,800","1,047",238,110,3,,
BASILAN,Province,2024,"1,190",252,193,219,242,195,88,-,1,-,-,,
LANAO DEL SUR,Province,2024,"5,390",930,768,727,736,785,718,582,139,5,-,,
MAGUINDANAO,Province,2024,"8,033","1,634","1,402","1,507","1,217",943,778,407,71,74,-,,
SULU,Province,2024,"1,871",390,283,346,362,239,174,26,17,31,3,,
TAWI-TAWI,Province,2024,518,97,102,91,73,71,42,32,10,-,-,,
FOREIGN COUNTRY,,2024,90,13,11,15,9,8,13,7,8,6,-,,