TIME PERIOD,,OFFICE,INDEX CRIMES,,,,,,,,,,,,,,,,,NON-INDEX,,,,,,,TOTAL PEACE AND ORDER CRIMES CLEARED,TOTAL PEACE AND ORDER CRIMES SOLVED,RECKLESS IMPRUDENCE RESULTING TO,,,,,,OTHER QUASI OFFENSES,,,,,,,,
,,,8 FOCUS CRIMES,,,,,,,,,,,8 SPECIAL COMPLEX CRIMES,,,TOTAL INDEX CRIMES,TOTAL INDEX CRIMES CLEARED,TOTAL INDEX CRIMES SOLVED,VIOLATION OF SPECIAL LAWS,OTHER NON-INDEX CRIMES,ATTEMPTED STAGES FOCUS CRIMES,FRUSTRATED STAGES FOCUS CRIMES,TOTAL NON INDEX CRIMES,TOTAL NON-INDEX CRIMES CLEARED,TOTAL NON-INDEX CRIMES SOLVED,,,,,,,,,,,,,,,TOTAL PUBLIC SAFETY CRIMES CLEARED,TOTAL PUBLIC SAFETY CRIMES SOLVED,AVERAGE MONTHLY CRIME RATE (AMCR)
,Source Filename,,MURDER,HOMICIDE,PHYSICAL INJURY,RAPE,ROBBERY,THEFT,CARNAPPING MV,CARNAPPING MC,TOTAL FOCUS CRIMES,TOTAL FOCUS CRIMES CLEARED,TOTAL FOCUS CRIMES SOLVED,TOTAL SPECIAL COMPLEX CRIMES,SPECIAL COMPLEX CRIMES CLEARED,SPECIAL COMPLEX CRIMES SOLVED,,,,,,,,,,,,,HOMICIDE,PHYSICAL INJURY,DAMAGE TO PROPERTY,TOTAL RIRs (VEHICULAR ACCIDENTS),TOTAL RIRs (VEHICULAR ACCIDENTS) CRIMES CLEARED,TOTAL RIRs (VEHICULAR ACCIDENTS) CRIMES SOLVED,HOMICIDE,PHYSICAL INJURY,DAMAGE TO PROPERTY,TOTAL OTHER QUASI OFFENSES,TOTAL OTHER QUASI OFFENSE CLEARED,TOTAL OTHER QUASI OFFENSE SOLVED,,,
Jan-22,Crime-Statistics-Jan-2022-.pdf,PRO 1,8,2,16,16,7,26,1,2,78,77,46,0,0,0,78,77,46,264,67,13,21,365,358,271,435,317,32,133,99,264,260,246,1,1,1,3,3,3,263,249,12.75
Jan-22,Crime-Statistics-Jan-2022-.pdf,PRO 2,8,0,7,22,4,10,1,2,54,52,21,0,0,0,54,52,21,257,40,11,14,322,321,257,373,278,31,88,104,223,220,213,0,2,2,4,4,4,224,217,15.77
Jan-22,Crime-Statistics-Jan-2022-.pdf,PRO 3,24,6,26,52,50,99,1,22,280,276,170,3,3,1,283,279,171,"1,086",222,23,34,"1,365","1,360","1,128","1,639","1,299",53,486,695,"1,234","1,178","1,127",1,13,10,24,23,22,"1,201","1,149",23.38
Jan-22,Crime-Statistics-Jan-2022-.pdf,PRO 4-A,54,8,47,91,61,131,5,33,430,398,235,4,3,2,434,401,237,"1,794",310,30,69,"2,203","2,174","1,976","2,575","2,213",59,425,979,"1,463","1,381","1,338",0,2,7,9,7,7,"1,388","1,345",25.73
Jan-22,Crime-Statistics-Jan-2022-.pdf,PRO 4-B,10,4,2,14,6,9,0,3,48,44,20,1,0,0,49,44,20,146,37,5,17,205,202,153,246,173,16,40,27,83,82,73,2,1,3,6,5,5,87,78,10.45
Jan-22,Crime-Statistics-Jan-2022-.pdf,PRO 5,31,1,16,39,23,42,0,5,157,131,77,1,0,0,158,131,77,372,84,12,19,487,458,321,589,398,17,225,336,578,551,548,1,6,4,11,10,10,561,558,19.22
Jan-22,Crime-Statistics-Jan-2022-.pdf,PRO 6,35,11,33,32,24,49,0,1,185,155,111,0,0,0,185,155,111,408,169,23,43,643,616,542,771,653,40,281,498,819,750,745,2,7,9,18,13,13,763,758,19.94
Jan-22,Crime-Statistics-Jan-2022-.pdf,PRO 7,30,4,85,33,32,89,1,6,280,257,195,2,2,0,282,259,195,"1,071",207,18,43,"1,339","1,309","1,174","1,568","1,369",25,597,683,"1,305","1,288","1,248",3,12,7,22,18,18,"1,306","1,266",35.98
Jan-22,Crime-Statistics-Jan-2022-.pdf,PRO 8,12,4,11,15,12,26,0,0,80,74,38,0,0,0,80,74,38,295,43,13,22,373,368,264,442,302,22,96,103,221,219,212,3,1,0,4,4,4,223,216,13.78
Jan-22,Crime-Statistics-Jan-2022-.pdf,PRO 9,20,1,9,28,7,22,0,7,94,93,46,1,1,1,95,94,47,183,36,6,21,246,246,199,340,246,21,110,97,228,228,222,1,0,0,1,1,1,229,223,14.18
Jan-22,Crime-Statistics-Jan-2022-.pdf,PRO 10,16,1,14,29,15,43,2,10,130,124,70,0,0,0,130,124,70,355,68,16,22,461,439,342,563,412,28,195,319,542,517,506,1,5,2,8,8,8,525,514,21.97
Jan-22,Crime-Statistics-Jan-2022-.pdf,PRO 11,23,2,27,32,21,16,0,2,123,113,66,1,0,0,124,113,66,477,"1,103",8,19,"1,607","1,597","1,542","1,710","1,608",22,64,81,167,167,164,0,7,3,10,10,10,177,174,34.56
Jan-22,Crime-Statistics-Jan-2022-.pdf,PRO 12,19,11,12,30,14,23,0,2,111,106,64,1,1,1,112,107,65,316,36,13,11,376,358,269,465,334,16,170,133,319,286,284,0,0,1,1,1,1,287,285,17.18
Jan-22,Crime-Statistics-Jan-2022-.pdf,PRO 13,15,0,4,17,17,21,0,7,81,76,37,1,1,1,82,77,38,158,40,9,19,226,214,125,291,163,14,93,112,219,207,206,2,3,1,6,6,5,213,211,18.53
Jan-22,Crime-Statistics-Jan-2022-.pdf,PRO BAR,35,0,9,7,2,7,0,2,62,36,18,2,2,1,64,38,19,122,22,7,15,166,143,125,181,144,3,7,3,13,7,7,0,1,0,1,0,0,7,7,12.79
Jan-22,Crime-Statistics-Jan-2022-.pdf,PRO COR,2,1,10,10,7,16,0,5,51,41,24,0,0,0,51,41,24,65,35,2,7,109,106,76,147,100,8,52,100,160,151,151,0,1,1,2,2,2,153,153,7.28
Jan-22,Crime-Statistics-Jan-2022-.pdf,NCRPO,23,14,58,84,113,219,12,27,550,497,378,4,4,2,554,501,380,"2,036",426,32,55,"2,549","2,527","2,334","3,028","2,714",44,"1,036","2,627","3,707","3,533","3,347",3,6,8,17,16,6,"3,549","3,353",46.16
Feb-22,Crime-Statistics-Feb-2022_1647913394-2.pdf,PRO 1,9,2,13,22,8,16,0,5,75,68,42,1,1,0,76,69,42,254,47,8,13,322,314,262,383,304,32,116,104,252,241,226,0,0,1,1,1,1,242,227,11.69
Feb-22,Crime-Statistics-Feb-2022_1647913394-2.pdf,PRO 2,2,4,8,16,3,14,1,5,53,47,30,1,1,1,54,48,31,280,50,3,8,341,329,281,377,312,21,73,102,196,192,188,0,1,0,1,1,1,193,189,15.48
Feb-22,Crime-Statistics-Feb-2022_1647913394-2.pdf,PRO 3,20,4,26,41,56,96,4,12,259,240,175,1,1,0,260,241,175,"1,071",205,19,36,"1,331","1,319","1,147","1,560","1,322",43,416,662,"1,121","1,077","1,031",0,3,18,21,20,19,"1,097","1,050",21.99
Feb-22,Crime-Statistics-Feb-2022_1647913394-2.pdf,PRO 4-A,44,5,38,56,77,165,4,25,414,349,276,1,0,0,415,349,276,"1,770",300,26,67,"2,163","2,060","1,909","2,409","2,185",45,415,"1,057","1,517","1,396","1,336",0,4,5,9,8,8,"1,404","1,344",25.7
Feb-22,Crime-Statistics-Feb-2022_1647913394-2.pdf,PRO 4-B,4,3,6,6,8,10,0,1,38,33,21,0,0,0,38,33,21,178,29,11,13,231,220,188,253,209,9,34,24,67,61,55,1,2,1,4,3,3,64,58,10.36
Feb-22,Crime-Statistics-Feb-2022_1647913394-2.pdf,PRO 5,11,1,11,33,22,70,0,3,151,103,66,0,0,0,151,103,66,329,75,16,14,434,406,315,509,381,17,251,309,577,535,527,2,5,1,8,7,7,542,534,18.22
Feb-22,Crime-Statistics-Feb-2022_1647913394-2.pdf,PRO 6,23,11,18,37,21,33,0,3,146,107,81,0,0,0,146,107,81,363,181,18,62,624,562,499,669,580,31,257,499,787,629,629,1,3,5,9,3,3,632,632,18.76
Feb-22,Crime-Statistics-Feb-2022_1647913394-2.pdf,PRO 7,23,5,47,21,18,87,0,5,206,176,143,3,3,3,209,179,146,"1,405",158,22,31,"1,616","1,559","1,445","1,738","1,591",17,499,523,"1,039",991,971,2,8,6,16,12,10,"1,003",981,35.15
Feb-22,Crime-Statistics-Feb-2022_1647913394-2.pdf,PRO 8,14,2,13,8,16,26,0,2,81,69,49,0,0,0,81,69,49,282,43,11,23,359,334,273,403,322,12,62,62,136,133,125,0,1,1,2,2,2,135,127,11.75
Feb-22,Crime-Statistics-Feb-2022_1647913394-2.pdf,PRO 9,19,2,10,11,4,16,0,6,68,59,40,0,0,0,68,59,40,191,27,6,28,252,248,219,307,259,14,89,92,195,192,188,0,0,0,0,0,0,192,188,12.81
Feb-22,Crime-Statistics-Feb-2022_1647913394-2.pdf,PRO 10,25,3,15,11,18,40,0,12,124,99,81,0,0,0,124,99,81,350,56,12,39,457,422,368,521,449,25,169,294,488,434,429,0,2,2,4,4,4,438,433,20.66
Feb-22,Crime-Statistics-Feb-2022_1647913394-2.pdf,PRO 11,15,4,6,20,10,27,0,0,82,65,46,0,0,0,82,65,46,509,"1,173",7,9,"1,698","1,688","1,649","1,753","1,695",17,60,103,180,172,163,0,0,0,0,0,0,172,163,35.5
Feb-22,Crime-Statistics-Feb-2022_1647913394-2.pdf,PRO 12,7,16,5,13,8,21,0,8,78,63,48,0,0,0,78,63,48,298,38,10,16,362,338,288,401,336,30,174,114,318,238,237,0,0,0,0,0,0,238,237,16.12
Feb-22,Crime-Statistics-Feb-2022_1647913394-2.pdf,PRO 13,16,3,9,12,13,14,1,6,74,68,40,0,0,0,74,68,40,199,24,11,12,246,225,135,293,175,14,96,99,209,198,198,0,0,1,1,1,1,199,199,18.43
Feb-22,Crime-Statistics-Feb-2022_1647913394-2.pdf,PRO BAR,24,2,3,4,10,0,0,3,46,27,16,0,0,0,46,27,16,104,16,4,6,130,106,88,133,104,3,6,1,10,2,2,0,0,0,0,0,0,2,2,9.75
Feb-22,Crime-Statistics-Feb-2022_1647913394-2.pdf,PRO COR,4,1,2,10,11,9,0,1,38,25,15,1,1,1,39,26,16,82,24,1,7,114,109,83,135,99,10,44,64,118,106,105,0,1,3,4,3,3,109,108,6.22
Feb-22,Crime-Statistics-Feb-2022_1647913394-2.pdf,NCRPO,26,11,56,57,84,211,1,31,477,426,357,2,2,2,479,428,359,"2,219",458,28,58,"2,763","2,720","2,569","3,148","2,928",32,992,"3,050","4,074","3,897","3,689",0,7,7,14,13,5,"3,910","3,694",49.56
Mar-22,Crime-Statistics-March-2022-POI-and-PSI-1.pdf,PRO 1,14,3,17,22,14,21,1,3,95,85,47,0,0,0,95,85,47,219,51,9,17,296,290,220,375,267,21,103,85,209,201,186,0,2,1,3,3,3,204,189,10.83
Mar-22,Crime-Statistics-March-2022-POI-and-PSI-1.pdf,PRO 2,12,3,5,13,9,10,0,1,53,48,30,0,0,0,53,48,30,173,53,7,13,246,244,191,292,221,23,91,126,240,239,231,0,1,3,4,4,4,243,235,14.2
Mar-22,Crime-Statistics-March-2022-POI-and-PSI-1.pdf,PRO 3,20,3,24,55,42,103,1,13,261,248,193,4,4,2,265,252,195,"1,059",192,21,41,"1,313","1,287","1,119","1,539","1,314",45,480,932,"1,457","1,387","1,344",2,17,19,38,38,38,"1,425","1,382",24.73
Mar-22,Crime-Statistics-March-2022-POI-and-PSI-1.pdf,PRO 4-A,37,10,37,67,63,156,1,33,404,336,249,2,1,1,406,337,250,"1,835",340,32,60,"2,267","2,177","2,002","2,514","2,252",58,467,"1,208","1,733","1,526","1,481",1,4,7,12,10,9,"1,536","1,490",27.67
Mar-22,Crime-Statistics-March-2022-POI-and-PSI-1.pdf,PRO 4-B,12,2,5,17,8,11,0,1,56,47,35,1,1,1,57,48,36,132,34,9,11,186,175,142,223,178,11,39,37,87,81,80,2,0,1,3,3,3,84,83,10.14
Mar-22,Crime-Statistics-March-2022-POI-and-PSI-1.pdf,PRO 5,17,3,19,39,26,68,0,8,180,119,84,0,0,0,180,119,84,295,77,15,23,410,382,286,501,370,23,245,352,620,573,566,1,7,6,14,12,11,585,577,19.06
Mar-22,Crime-Statistics-March-2022-POI-and-PSI-1.pdf,PRO 6,32,15,38,33,31,70,0,3,222,175,136,0,0,0,222,175,136,375,183,23,61,642,582,519,757,655,40,313,514,867,721,713,0,0,7,7,7,7,728,720,20.82
Mar-22,Crime-Statistics-March-2022-POI-and-PSI-1.pdf,PRO 7,24,6,75,24,28,105,4,8,274,238,189,0,0,0,274,238,189,"1,325",135,16,44,"1,520","1,489","1,383","1,727","1,572",30,553,657,"1,240","1,190","1,155",1,4,5,10,8,8,"1,198","1,163",37.15
Mar-22,Crime-Statistics-March-2022-POI-and-PSI-1.pdf,PRO 8,20,2,10,16,16,20,1,2,87,67,47,1,0,0,88,67,47,155,35,12,32,234,221,155,288,202,10,56,78,144,141,136,2,0,0,2,2,2,143,138,9.52
Mar-22,Crime-Statistics-March-2022-POI-and-PSI-1.pdf,PRO 9,11,6,11,12,3,11,0,5,59,48,32,0,0,0,59,48,32,174,40,7,25,246,239,200,287,232,15,69,86,170,157,150,1,2,0,3,3,3,160,153,11.89
Mar-22,Crime-Statistics-March-2022-POI-and-PSI-1.pdf,PRO 10,20,5,18,16,27,46,1,7,140,110,81,0,0,0,140,110,81,303,67,20,28,418,391,335,501,416,32,192,358,582,510,508,1,1,0,2,2,1,512,509,21.98
Mar-22,Crime-Statistics-March-2022-POI-and-PSI-1.pdf,PRO 11,25,1,7,17,10,37,0,2,99,87,66,2,1,1,101,88,67,633,"1,372",13,20,"2,038","2,030","1,976","2,118","2,043",13,74,117,204,201,199,1,1,0,2,2,2,203,201,42.48
Mar-22,Crime-Statistics-March-2022-POI-and-PSI-1.pdf,PRO 12,13,8,12,18,7,31,0,2,91,81,60,1,1,1,92,82,61,241,36,6,29,312,278,228,360,289,24,204,148,376,295,291,0,0,1,1,0,0,295,291,16.61
Mar-22,Crime-Statistics-March-2022-POI-and-PSI-1.pdf,PRO 13,18,3,7,16,11,14,0,6,75,65,45,1,1,1,76,66,46,184,39,9,28,260,234,146,300,192,25,104,128,257,240,236,0,0,0,0,0,0,240,236,20.62
Mar-22,Crime-Statistics-March-2022-POI-and-PSI-1.pdf,PRO BAR,22,0,7,4,8,2,0,1,44,20,8,1,1,1,45,21,9,69,7,8,10,94,77,65,98,74,5,8,2,15,11,10,0,2,0,2,1,1,12,11,8.18
Mar-22,Crime-Statistics-March-2022-POI-and-PSI-1.pdf,PRO COR,5,0,14,14,4,20,0,3,60,48,28,1,1,0,61,49,28,70,20,1,1,92,88,57,137,85,12,53,81,146,129,120,0,0,1,1,1,1,130,121,6.78
Mar-22,Crime-Statistics-March-2022-POI-and-PSI-1.pdf,NCRPO,26,19,80,73,104,270,8,45,625,549,437,2,1,1,627,550,438,"2,511",448,25,68,"3,052","3,027","2,816","3,577","3,254",33,"1,205","3,625","4,863","4,676","4,440",1,4,12,17,17,5,"4,693","4,445",57.87
Apr-22,Crime-Statistics-April-2022.pdf,PRO 1,12,3,9,24,6,14,0,7,75,67,47,0,0,0,75,67,47,212,59,11,19,301,289,226,356,273,24,99,99,222,209,198,1,3,2,6,6,6,215,204,10.85
Apr-22,Crime-Statistics-April-2022.pdf,PRO 2,4,3,6,21,7,17,2,5,65,62,36,1,1,1,66,63,37,187,47,8,17,259,254,191,317,228,27,100,119,246,231,222,1,1,2,4,2,2,233,224,15.04
Apr-22,Crime-Statistics-April-2022.pdf,PRO 3,19,5,22,47,48,97,3,14,255,242,184,3,2,1,258,244,185,891,165,19,41,"1,116","1,104",928,"1,348","1,113",42,502,823,"1,367","1,310","1,258",0,21,32,53,50,48,"1,360","1,306",22.48
Apr-22,Crime-Statistics-April-2022.pdf,PRO 4-A,49,8,35,54,55,172,3,26,402,330,249,3,3,1,405,333,250,"1,789",321,36,66,"2,212","2,082","1,919","2,415","2,169",53,492,"1,232","1,777","1,583","1,545",1,2,6,9,6,6,"1,589","1,551",27.57
Apr-22,Crime-Statistics-April-2022.pdf,PRO 4-B,6,1,5,13,8,12,0,0,45,37,23,0,0,0,45,37,23,118,28,10,18,174,166,128,203,151,16,46,39,101,83,81,1,1,1,3,3,2,86,83,9.84
Apr-22,Crime-Statistics-April-2022.pdf,PRO 5,18,2,19,23,27,63,0,7,159,86,64,1,1,1,160,87,65,244,87,13,28,372,336,245,423,310,17,285,416,718,644,636,0,0,4,4,4,4,648,640,19.53
Apr-22,Crime-Statistics-April-2022.pdf,PRO 6,24,12,26,29,16,53,1,5,166,126,103,1,1,1,167,127,104,330,159,18,50,557,497,444,624,548,25,237,528,790,642,638,2,2,7,11,9,9,651,647,18.27
Apr-22,Crime-Statistics-April-2022.pdf,PRO 7,16,8,51,29,36,117,1,4,262,228,180,0,0,0,262,228,180,"1,313",171,24,34,"1,542","1,496","1,382","1,724","1,562",33,538,766,"1,337","1,287","1,240",1,8,3,12,12,11,"1,299","1,251",38.48
Apr-22,Crime-Statistics-April-2022.pdf,PRO 8,14,1,7,23,17,25,0,4,91,76,41,0,0,0,91,76,41,202,36,20,17,275,262,209,338,250,11,64,88,163,159,152,0,1,0,1,1,1,160,153,10.78
Apr-22,Crime-Statistics-April-2022.pdf,PRO 9,22,3,13,21,8,23,0,5,95,78,51,0,0,0,95,78,51,199,34,8,15,256,240,204,318,255,15,73,68,156,153,152,0,1,0,1,0,0,153,152,12.63
Apr-22,Crime-Statistics-April-2022.pdf,PRO 10,23,5,18,21,12,50,0,16,145,104,76,1,1,1,146,105,77,369,79,19,36,503,458,396,563,473,31,151,293,475,410,408,0,2,3,5,4,4,414,412,21.73
Apr-22,Crime-Statistics-April-2022.pdf,PRO 11,21,2,8,21,19,21,1,4,97,82,56,1,1,0,98,83,56,551,"1,712",8,15,"2,286","2,271","2,227","2,354","2,283",25,72,80,177,173,161,0,1,2,3,3,3,176,164,46.44
Apr-22,Crime-Statistics-April-2022.pdf,PRO 12,15,9,7,12,11,25,1,8,88,76,54,1,1,1,89,77,55,310,42,10,18,380,349,289,426,344,28,205,131,364,302,297,0,1,0,1,0,0,302,297,17.73
Apr-22,Crime-Statistics-April-2022.pdf,PRO 13,16,3,4,11,13,14,1,0,62,47,32,0,0,0,62,47,32,130,33,14,18,195,172,109,219,141,10,95,137,242,220,217,0,3,0,3,2,2,222,219,17.45
Apr-22,Crime-Statistics-April-2022.pdf,PRO BAR,27,0,7,1,3,5,0,1,44,11,5,1,1,0,45,12,5,58,15,4,11,88,64,50,76,55,1,8,2,11,8,6,0,0,0,0,0,0,8,6,7.55
Apr-22,Crime-Statistics-April-2022.pdf,PRO COR,5,3,12,9,8,12,1,1,51,38,20,1,1,0,52,39,20,80,18,2,6,106,100,75,139,95,9,38,87,134,116,115,0,0,0,0,0,0,116,115,6.6
Apr-22,Crime-Statistics-April-2022.pdf,NCRPO,30,16,58,62,104,261,7,43,581,503,395,2,2,1,583,505,396,"2,179",450,33,60,"2,722","2,692","2,527","3,197","2,923",33,"1,123","3,578","4,734","4,540","4,311",0,5,12,17,17,3,"4,557","4,314",54.47
May-22,Crime-Statistics-May-2022-POI-merged.pdf,PRO 1,12,4,16,27,5,15,1,3,83,74,44,0,0,0,83,74,44,145,55,9,19,228,217,155,291,199,40,101,103,244,229,211,0,3,0,3,3,3,232,214,10.02
May-22,Crime-Statistics-May-2022-POI-merged.pdf,PRO 2,11,3,10,20,7,10,2,6,69,60,33,1,1,1,70,61,34,177,52,10,11,250,244,192,305,226,34,75,103,212,208,202,0,2,1,3,3,3,211,205,13.99
May-22,Crime-Statistics-May-2022-POI-merged.pdf,PRO 3,20,3,21,68,35,88,1,12,248,235,162,1,1,0,249,236,162,805,190,24,43,"1,062","1,036",929,"1,272","1,091",52,509,856,"1,417","1,354","1,304",2,11,29,42,36,36,"1,390","1,340",22.29
May-22,Crime-Statistics-May-2022-POI-merged.pdf,PRO 4-A,43,8,38,80,53,166,4,36,428,368,265,5,5,2,433,373,267,"1,529",319,32,71,"1,951","1,843","1,679","2,216","1,946",54,475,"1,221","1,750","1,542","1,477",2,3,5,10,8,8,"1,550","1,485",25.95
May-22,Crime-Statistics-May-2022-POI-merged.pdf,PRO 4-B,7,0,2,10,4,7,0,1,31,29,16,3,3,2,34,32,18,106,29,8,20,163,152,110,184,128,9,50,44,103,85,81,1,1,0,2,2,1,87,82,9.2
May-22,Crime-Statistics-May-2022-POI-merged.pdf,PRO 5,22,5,29,33,25,73,0,7,194,119,86,0,0,0,194,119,86,234,100,12,27,373,327,240,446,326,24,359,455,838,744,731,1,9,6,16,13,12,757,743,22.13
May-22,Crime-Statistics-May-2022-POI-merged.pdf,PRO 6,28,12,29,21,26,56,1,5,178,143,112,0,0,0,178,143,112,316,144,25,35,520,460,405,603,517,33,323,573,929,740,739,1,3,7,11,10,10,750,749,19.62
May-22,Crime-Statistics-May-2022-POI-merged.pdf,PRO 7,29,6,67,26,28,104,1,12,273,228,181,1,1,0,274,229,181,"1,099",206,23,46,"1,374","1,323","1,219","1,552","1,400",32,663,822,"1,517","1,490","1,455",0,16,8,24,24,23,"1,514","1,478",38.92
May-22,Crime-Statistics-May-2022-POI-merged.pdf,PRO 8,35,7,16,20,13,19,0,3,113,92,58,1,1,0,114,93,58,174,40,19,47,280,267,198,360,256,21,126,139,286,277,272,0,5,1,6,6,6,283,278,13.95
May-22,Crime-Statistics-May-2022-POI-merged.pdf,PRO 9,19,8,17,16,9,17,0,8,94,77,51,0,0,0,94,77,51,159,49,17,23,248,240,181,317,232,20,101,105,226,222,220,0,0,2,2,2,2,224,222,14.18
May-22,Crime-Statistics-May-2022-POI-merged.pdf,PRO 10,26,3,22,25,20,46,0,14,156,124,87,0,0,0,156,124,87,282,81,21,34,418,376,303,500,390,31,221,369,621,544,537,0,1,1,2,1,1,545,538,23.04
May-22,Crime-Statistics-May-2022-POI-merged.pdf,PRO 11,23,0,8,26,6,30,0,2,95,84,63,1,0,0,96,84,63,446,"1,087",10,15,"1,558","1,550","1,504","1,634","1,567",27,100,116,243,238,232,0,0,1,1,1,1,239,233,34.38
May-22,Crime-Statistics-May-2022-POI-merged.pdf,PRO 12,12,4,11,8,5,25,0,6,71,60,45,1,1,0,72,61,45,277,51,11,24,363,330,269,391,314,27,201,117,345,281,278,0,1,1,2,2,2,283,280,16.63
May-22,Crime-Statistics-May-2022-POI-merged.pdf,PRO 13,30,3,12,22,9,19,1,5,101,69,44,1,0,0,102,69,44,125,34,15,23,197,159,86,228,130,19,122,130,271,253,250,0,1,0,1,1,1,254,251,19.85
May-22,Crime-Statistics-May-2022-POI-merged.pdf,PRO BAR,39,3,28,4,3,7,0,4,88,28,16,1,0,0,89,28,16,68,41,10,22,141,70,53,98,69,7,12,3,22,18,16,0,0,0,0,0,0,18,16,13.21
May-22,Crime-Statistics-May-2022-POI-merged.pdf,PRO COR,2,0,9,8,1,12,0,5,37,31,15,0,0,0,37,31,15,71,17,1,4,93,87,69,118,84,12,31,64,107,97,94,0,1,4,5,5,5,102,99,5.47
May-22,Crime-Statistics-May-2022-POI-merged.pdf,NCRPO,29,8,47,65,85,238,5,40,517,447,363,1,1,1,518,448,364,"1,704",369,22,52,"2,147","2,121","1,939","2,569","2,303",44,"1,157","3,812","5,013","4,807","4,547",0,5,5,10,10,6,"4,817","4,553",51.98
Jun-22,Crime-Statistics-June-2022-POI-merged.pdf,PRO 1,12,4,13,31,9,22,0,3,94,79,46,2,2,0,96,81,46,217,55,6,18,296,289,241,370,287,33,88,81,202,191,185,1,0,1,2,2,2,193,187,10.7
Jun-22,Crime-Statistics-June-2022-POI-merged.pdf,PRO 2,8,2,4,16,6,12,0,4,52,43,25,0,0,0,52,43,25,217,30,10,20,277,276,216,319,241,21,70,120,211,202,192,3,4,3,10,10,10,212,202,14.39
Jun-22,Crime-Statistics-June-2022-POI-merged.pdf,PRO 3,14,6,24,63,39,111,5,20,282,267,217,0,0,0,282,267,217,974,173,18,31,"1,196","1,185","1,099","1,452","1,316",40,436,829,"1,305","1,248","1,198",3,11,31,45,41,39,"1,289","1,237",22.76
Jun-22,Crime-Statistics-June-2022-POI-merged.pdf,PRO 4-A,41,11,33,68,55,163,3,17,391,334,243,2,2,1,393,336,244,"1,751",314,37,63,"2,165","2,062","1,896","2,398","2,140",44,397,"1,079","1,520","1,237","1,193",1,8,7,16,11,10,"1,248","1,203",25.64
Jun-22,Crime-Statistics-June-2022-POI-merged.pdf,PRO 4-B,9,3,1,9,7,7,0,0,36,30,19,0,0,0,36,30,19,150,22,9,14,195,184,148,214,167,13,37,31,81,68,61,0,1,0,1,1,1,69,62,9.54
Jun-22,Crime-Statistics-June-2022-POI-merged.pdf,PRO 5,20,1,16,34,16,72,0,5,164,104,65,1,1,1,165,105,66,294,71,13,32,410,377,272,482,338,16,290,363,669,589,584,1,6,6,13,12,12,601,596,19.57
Jun-22,Crime-Statistics-June-2022-POI-merged.pdf,PRO 6,33,9,43,28,34,69,0,7,223,159,123,1,1,1,224,160,124,347,164,33,58,602,526,467,686,591,37,262,533,832,642,639,1,7,10,18,14,12,656,651,20.08
Jun-22,Crime-Statistics-June-2022-POI-merged.pdf,PRO 7,25,4,68,19,31,135,2,12,296,266,223,2,2,2,298,268,225,"1,203",169,25,26,"1,423","1,384","1,298","1,652","1,523",36,602,834,"1,472","1,428","1,392",1,9,5,15,13,11,"1,441","1,403",39.15
Jun-22,Crime-Statistics-June-2022-POI-merged.pdf,PRO 8,27,5,15,21,14,31,0,4,117,101,66,2,2,0,119,103,66,217,46,13,40,316,304,246,407,312,23,141,157,321,313,305,1,2,1,4,4,4,317,309,15.45
Jun-22,Crime-Statistics-June-2022-POI-merged.pdf,PRO 9,23,2,14,16,8,30,0,4,97,73,52,0,0,0,97,73,52,192,32,5,24,253,234,209,307,261,17,108,75,200,192,188,0,0,1,1,1,1,193,189,13.7
Jun-22,Crime-Statistics-June-2022-POI-merged.pdf,PRO 10,34,1,17,12,11,45,0,7,127,95,72,0,0,0,127,95,72,299,64,19,29,411,375,313,470,385,34,184,317,535,482,476,0,12,8,20,19,19,501,495,21.04
Jun-22,Crime-Statistics-June-2022-POI-merged.pdf,PRO 11,25,2,12,22,10,19,0,2,92,79,54,3,1,1,95,80,55,500,"1,220",13,17,"1,750","1,736","1,686","1,816","1,741",17,69,105,191,188,182,0,0,1,1,1,1,189,183,36.9
Jun-22,Crime-Statistics-June-2022-POI-merged.pdf,PRO 12,24,11,7,12,21,25,1,3,104,76,54,0,0,0,104,76,54,293,35,6,23,357,339,294,415,348,26,192,109,327,273,262,0,1,0,1,1,1,274,263,16.78
Jun-22,Crime-Statistics-June-2022-POI-merged.pdf,PRO 13,23,2,5,13,11,20,0,2,76,55,30,0,0,0,76,55,30,128,48,16,21,213,180,104,235,134,18,133,149,300,273,266,1,0,2,3,3,3,276,269,20.58
Jun-22,Crime-Statistics-June-2022-POI-merged.pdf,PRO BAR,38,1,6,2,7,2,1,6,63,24,14,1,0,0,64,24,14,62,12,10,21,105,66,51,90,65,1,11,1,13,5,5,2,0,0,2,2,0,7,5,9.65
Jun-22,Crime-Statistics-June-2022-POI-merged.pdf,PRO COR,7,1,3,3,4,20,3,4,45,36,23,0,0,0,45,36,23,81,13,3,8,105,100,75,136,98,6,33,84,123,112,110,0,0,0,0,0,0,112,110,6.17
Jun-22,Crime-Statistics-June-2022-POI-merged.pdf,NCRPO,34,6,53,62,103,291,4,32,585,511,420,1,1,1,586,512,421,"2,230",412,25,51,"2,718","2,685","2,518","3,197","2,939",27,"1,216","3,803","5,046","4,813","4,579",0,10,4,14,14,3,"4,827","4,582",56.55
Jul-22,Crime-Statistics-July-2022-POI-merged.pdf,PRO 1,13,3,14,18,12,31,0,3,94,75,50,1,0,0,95,75,50,341,49,8,21,419,405,354,480,404,27,101,106,234,215,201,0,1,5,6,6,6,221,207,13.54
Jul-22,Crime-Statistics-July-2022-POI-merged.pdf,PRO 2,6,3,7,12,12,12,0,7,59,50,37,0,0,0,59,50,37,194,66,7,17,284,279,221,329,258,22,83,110,215,211,207,1,1,1,3,3,3,214,210,14.67
Jul-22,Crime-Statistics-July-2022-POI-merged.pdf,PRO 3,24,6,24,39,61,104,7,22,287,262,206,4,4,2,291,266,208,988,178,20,46,"1,232","1,216","1,133","1,482","1,341",45,506,941,"1,492","1,415","1,384",1,17,25,43,41,41,"1,456","1,425",24.61
Jul-22,Crime-Statistics-July-2022-POI-merged.pdf,PRO 4-A,52,10,29,64,52,163,2,22,394,333,250,3,3,2,397,336,252,"1,850",336,54,59,"2,299","2,127","1,969","2,463","2,221",40,417,"1,055","1,512","1,254","1,224",0,2,2,4,3,1,"1,257","1,225",26.38
Jul-22,Crime-Statistics-July-2022-POI-merged.pdf,PRO 4-B,10,3,3,11,11,9,0,2,49,41,22,0,0,0,49,41,22,151,46,15,21,233,217,158,258,180,12,40,45,97,78,77,0,0,0,0,0,0,78,77,11.55
Jul-22,Crime-Statistics-July-2022-POI-merged.pdf,PRO 5,16,7,18,34,25,66,0,6,172,97,69,0,0,0,172,97,69,275,60,13,16,364,324,243,421,312,17,249,375,641,588,586,0,6,3,9,8,8,596,594,18.47
Jul-22,Crime-Statistics-July-2022-POI-merged.pdf,PRO 6,14,10,33,22,41,75,1,2,198,138,114,0,0,0,198,138,114,340,170,33,49,592,529,469,667,583,27,276,556,859,684,680,2,4,11,17,15,15,699,695,19.96
Jul-22,Crime-Statistics-July-2022-POI-merged.pdf,PRO 7,26,8,68,30,42,138,2,6,320,263,204,3,1,1,323,264,205,"1,385",182,26,38,"1,631","1,596","1,494","1,860","1,699",32,618,912,"1,562","1,526","1,487",0,5,3,8,7,6,"1,533","1,493",43.01
Jul-22,Crime-Statistics-July-2022-POI-merged.pdf,PRO 8,17,2,12,14,15,35,1,4,100,86,57,1,0,0,101,86,57,229,38,13,31,311,284,222,370,279,17,101,134,252,236,231,1,3,1,5,5,4,241,235,13.6
Jul-22,Crime-Statistics-July-2022-POI-merged.pdf,PRO 9,15,2,9,13,9,18,0,3,69,53,36,0,0,0,69,53,36,178,38,11,20,247,230,208,283,244,21,77,99,197,187,185,0,0,0,0,0,0,187,185,12.76
Jul-22,Crime-Statistics-July-2022-POI-merged.pdf,PRO 10,16,3,21,17,24,59,1,4,145,122,91,1,1,1,146,123,92,318,59,15,38,430,391,332,514,424,24,225,397,646,548,540,2,8,6,16,16,16,564,556,23.83
Jul-22,Crime-Statistics-July-2022-POI-merged.pdf,PRO 11,18,6,9,24,10,29,0,2,98,82,60,1,0,0,99,82,60,489,"1,861",11,11,"2,372","2,361","2,322","2,443","2,382",25,65,119,209,208,207,0,0,1,1,1,1,209,208,48.56
Jul-22,Crime-Statistics-July-2022-POI-merged.pdf,PRO 12,16,6,6,18,4,21,0,6,77,64,44,2,0,0,79,64,44,266,39,5,16,326,305,256,369,300,27,188,120,335,270,265,0,1,0,1,1,1,271,266,15.75
Jul-22,Crime-Statistics-July-2022-POI-merged.pdf,PRO 13,10,4,12,11,17,24,1,2,81,66,36,0,0,0,81,66,36,188,62,12,24,286,256,176,322,212,12,122,149,283,266,265,3,1,1,5,4,4,270,269,22.77
Jul-22,Crime-Statistics-July-2022-POI-merged.pdf,PRO BAR,37,3,2,5,1,4,1,0,53,17,11,0,0,0,53,17,11,76,21,3,21,121,89,74,106,85,0,9,2,11,7,7,1,2,0,3,1,1,8,8,9.86
Jul-22,Crime-Statistics-July-2022-POI-merged.pdf,PRO COR,2,2,13,7,6,18,0,2,50,43,29,1,0,0,51,43,29,60,30,1,10,101,97,81,140,110,4,42,95,141,131,127,0,0,1,1,1,0,132,127,6.65
Jul-22,Crime-Statistics-July-2022-POI-merged.pdf,NCRPO,32,11,55,74,102,242,4,32,552,490,423,3,3,1,555,493,424,"2,193",470,34,50,"2,747","2,708","2,571","3,201","2,995",34,"1,202","3,910","5,146","4,930","4,715",1,13,21,35,35,6,"4,965","4,721",57.36
Aug-22,Crime-Statistics-August-2022-POI-merged-2.pdf,PRO 1,9,1,4,27,11,19,0,3,74,67,43,1,1,0,75,68,43,233,41,11,19,304,297,254,365,297,25,86,93,204,193,186,0,1,0,1,1,1,194,187,10.49
Aug-22,Crime-Statistics-August-2022-POI-merged-2.pdf,PRO 2,9,3,4,10,7,16,1,12,62,51,37,1,1,1,63,52,38,159,44,12,16,231,227,187,279,225,27,75,110,212,201,198,0,1,2,3,3,3,204,201,13.31
Aug-22,Crime-Statistics-August-2022-POI-merged-2.pdf,PRO 3,34,9,17,43,54,98,0,18,273,255,186,5,3,3,278,258,189,837,138,34,35,"1,044","1,029",961,"1,287","1,150",48,481,"1,003","1,532","1,449","1,410",3,13,36,52,52,49,"1,501","1,459",23.38
Aug-22,Crime-Statistics-August-2022-POI-merged-2.pdf,PRO 4-A,46,5,38,51,52,136,4,13,345,309,203,3,3,2,348,312,205,"1,675",291,37,40,"2,043","1,997","1,877","2,309","2,082",34,422,"1,120","1,576","1,346","1,324",1,3,7,11,7,7,"1,353","1,331",24.91
Aug-22,Crime-Statistics-August-2022-POI-merged-2.pdf,PRO 4-B,6,1,3,8,4,15,0,3,40,37,20,1,1,0,41,38,20,138,26,13,20,197,187,149,225,169,12,40,53,105,93,92,0,1,1,2,2,2,95,94,10.51
Aug-22,Crime-Statistics-August-2022-POI-merged-2.pdf,PRO 5,18,2,16,33,29,63,0,11,172,114,78,0,0,0,172,114,78,305,93,7,20,425,401,304,515,382,30,276,375,681,616,605,0,3,4,7,5,5,621,610,20.01
Aug-22,Crime-Statistics-August-2022-POI-merged-2.pdf,PRO 6,35,10,29,27,31,80,0,7,219,166,127,2,2,2,221,168,129,359,153,29,60,601,533,473,701,602,32,312,610,954,792,792,1,3,6,10,3,3,795,795,21.39
Aug-22,Crime-Statistics-August-2022-POI-merged-2.pdf,PRO 7,33,3,63,23,34,117,0,7,280,256,200,1,1,1,281,257,201,"1,095",177,28,33,"1,333","1,297","1,200","1,554","1,401",26,595,956,"1,577","1,544","1,497",0,7,10,17,15,15,"1,559","1,512",39.15
Aug-22,Crime-Statistics-August-2022-POI-merged-2.pdf,PRO 8,23,5,14,8,12,23,1,4,90,74,45,0,0,0,90,74,45,210,42,15,28,295,285,213,359,258,16,102,144,262,250,244,0,3,1,4,4,4,254,248,13.24
Aug-22,Crime-Statistics-August-2022-POI-merged-2.pdf,PRO 9,12,4,8,17,18,29,0,5,93,81,59,0,0,0,93,81,59,163,20,12,17,212,206,183,287,242,17,97,89,203,194,190,0,0,0,0,0,0,194,190,12.63
Aug-22,Crime-Statistics-August-2022-POI-merged-2.pdf,PRO 10,27,12,20,18,24,35,1,9,146,120,91,2,1,1,148,121,92,330,72,18,42,462,424,366,545,458,29,203,394,626,530,528,0,17,14,31,30,30,560,558,24.39
Aug-22,Crime-Statistics-August-2022-POI-merged-2.pdf,PRO 11,22,2,15,24,14,26,0,3,106,90,61,3,2,2,109,92,63,481,"2,151",0,14,"2,646","2,640","2,606","2,732","2,669",29,82,138,249,247,245,2,0,1,3,3,2,250,247,54.47
Aug-22,Crime-Statistics-August-2022-POI-merged-2.pdf,PRO 12,18,13,10,22,12,36,0,3,114,97,78,1,1,0,115,98,78,238,39,9,17,303,287,257,385,335,19,196,131,346,259,255,0,0,2,2,1,1,260,256,16.29
Aug-22,Crime-Statistics-August-2022-POI-merged-2.pdf,PRO 13,23,3,10,10,17,22,0,3,88,66,46,0,0,0,88,66,46,192,47,12,17,268,234,159,300,205,17,100,132,249,233,232,1,2,2,5,2,2,235,234,21.21
Aug-22,Crime-Statistics-August-2022-POI-merged-2.pdf,PRO BAR,46,1,6,4,9,6,0,1,73,27,21,0,0,0,73,27,21,113,15,5,9,142,112,92,139,113,4,5,3,12,6,6,1,2,0,3,3,3,9,9,12.06
Aug-22,Crime-Statistics-August-2022-POI-merged-2.pdf,PRO COR,6,4,3,9,6,14,2,2,46,36,27,0,0,0,46,36,27,80,18,3,6,107,107,88,143,115,6,42,108,156,142,137,1,0,0,1,1,1,143,138,7.01
Aug-22,Crime-Statistics-August-2022-POI-merged-2.pdf,NCRPO,20,11,40,74,94,267,5,36,547,486,399,4,4,4,551,490,403,"1,721",428,30,53,"2,232","2,201","2,057","2,691","2,460",36,"1,140","4,153","5,329","5,105","4,870",0,8,13,21,21,8,"5,126","4,878",54.99
Sep-22,Crime-Statistics-September-2022-POI-merged.pdf,PRO 1,7,1,8,14,11,21,0,5,67,56,34,0,0,0,67,56,34,679,53,8,19,759,750,578,806,612,24,86,80,190,184,179,1,2,2,5,4,4,188,183,18.34
Sep-22,Crime-Statistics-September-2022-POI-merged.pdf,PRO 2,4,3,7,9,4,22,0,7,56,50,40,1,1,1,57,51,41,363,44,14,20,441,437,373,488,414,21,85,157,263,258,255,1,2,0,3,2,2,260,257,19.98
Sep-22,Crime-Statistics-September-2022-POI-merged.pdf,PRO 3,17,4,15,33,62,113,2,14,260,250,187,2,2,1,262,252,188,"1,114",164,25,47,"1,350","1,331","1,239","1,583","1,427",44,504,"1,027","1,575","1,456","1,424",2,14,36,52,52,52,"1,508","1,476",26.06
Sep-22,Crime-Statistics-September-2022-POI-merged.pdf,PRO 4-A,42,6,22,61,55,146,2,15,349,322,237,5,4,3,354,326,240,"2,456",331,29,53,"2,869","2,699","2,568","3,025","2,808",50,429,"1,071","1,550","1,236","1,191",3,4,7,14,13,13,"1,249","1,204",29.98
Sep-22,Crime-Statistics-September-2022-POI-merged.pdf,PRO 4-B,3,2,4,17,5,6,0,3,40,36,25,0,0,0,40,36,25,159,34,10,17,220,211,183,247,208,10,47,48,105,94,88,0,0,0,0,0,0,94,88,11.12
Sep-22,Crime-Statistics-September-2022-POI-merged.pdf,PRO 5,21,3,17,35,19,91,0,5,191,141,105,0,0,0,191,141,105,442,80,10,20,552,525,441,666,546,24,321,416,761,698,693,0,6,2,8,6,6,704,699,23.55
Sep-22,Crime-Statistics-September-2022-POI-merged.pdf,PRO 6,27,7,32,31,30,48,1,10,186,139,108,2,2,1,188,141,109,721,157,28,61,967,880,791,"1,021",900,36,313,585,934,752,751,0,5,3,8,7,7,759,758,25.12
Sep-22,Crime-Statistics-September-2022-POI-merged.pdf,PRO 7,31,7,53,20,43,117,0,11,282,257,205,2,1,1,284,258,206,"1,567",153,23,46,"1,789","1,759","1,595","2,017","1,801",40,658,934,"1,632","1,590","1,563",1,16,7,24,21,21,"1,611","1,584",45.51
Sep-22,Crime-Statistics-September-2022-POI-merged.pdf,PRO 8,17,10,18,18,12,34,0,5,114,83,60,1,0,0,115,83,60,492,61,16,32,601,581,476,664,536,18,121,145,284,267,263,2,3,3,8,8,7,275,270,20.49
Sep-22,Crime-Statistics-September-2022-POI-merged.pdf,PRO 9,14,3,7,9,18,20,1,5,77,61,50,0,0,0,77,61,50,319,27,14,22,382,365,332,426,382,14,97,104,215,211,205,0,0,2,2,2,2,213,207,16.81
Sep-22,Crime-Statistics-September-2022-POI-merged.pdf,PRO 10,19,3,18,18,13,49,2,4,126,112,78,0,0,0,126,112,78,467,68,15,34,584,531,487,643,565,31,230,355,616,523,522,0,20,17,37,34,34,557,556,26.24
Sep-22,Crime-Statistics-September-2022-POI-merged.pdf,PRO 11,15,2,10,23,17,20,0,0,87,78,59,1,1,0,88,79,59,"2,620",44,8,22,"2,694","2,680","2,615","2,759","2,674",19,111,144,274,271,266,1,2,1,4,4,4,275,270,55.43
Sep-22,Crime-Statistics-September-2022-POI-merged.pdf,PRO 12,15,4,10,18,14,19,0,3,83,66,50,0,0,0,83,66,50,350,34,11,34,429,414,364,480,414,23,183,150,356,264,258,0,0,0,0,0,0,264,258,18.46
Sep-22,Crime-Statistics-September-2022-POI-merged.pdf,PRO 13,12,0,9,12,6,22,0,4,65,57,38,1,1,1,66,58,39,337,49,15,22,423,382,257,440,296,21,113,131,265,240,240,0,2,3,5,4,4,244,244,26.39
Sep-22,Crime-Statistics-September-2022-POI-merged.pdf,PRO BAR,33,2,2,3,3,3,2,6,54,18,10,1,0,0,55,18,10,119,13,3,23,158,124,113,142,123,4,7,5,16,9,9,1,0,0,1,1,1,10,10,12.06
Sep-22,Crime-Statistics-September-2022-POI-merged.pdf,PRO COR,4,2,4,7,3,14,0,2,36,33,23,0,0,0,36,33,23,91,18,3,5,117,113,95,146,118,4,41,100,145,130,128,1,1,0,2,2,2,132,130,6.78
Sep-22,Crime-Statistics-September-2022-POI-merged.pdf,NCRPO,26,9,53,65,103,283,8,50,597,512,428,4,3,3,601,515,431,"2,093",393,19,67,"2,572","2,541","2,397","3,056","2,828",32,"1,251","4,297","5,580","5,381","5,064",3,11,27,41,41,9,"5,422","5,073",59.46
Oct-22,Crime-Statistics-Oct-2022-POI-merged.pdf,PRO 1,14,4,14,13,5,25,0,6,81,73,49,2,2,2,83,75,51,236,57,8,24,325,319,274,394,325,27,86,70,183,173,168,0,2,5,7,7,5,180,173,10.74
Oct-22,Crime-Statistics-Oct-2022-POI-merged.pdf,PRO 2,11,0,7,15,9,17,0,6,65,59,36,0,0,0,65,59,36,189,42,13,25,269,262,225,321,261,24,89,157,270,263,257,1,0,0,1,1,1,264,258,15.82
Oct-22,Crime-Statistics-Oct-2022-POI-merged.pdf,PRO 3,28,2,18,57,44,102,0,19,270,248,194,2,1,0,272,249,194,829,186,21,32,"1,068","1,063",972,"1,312","1,166",62,542,"1,092","1,696","1,601","1,575",3,14,45,62,60,60,"1,661","1,635",24.93
Oct-22,Crime-Statistics-Oct-2022-POI-merged.pdf,PRO 4-A,38,5,29,59,44,162,3,10,350,311,230,0,0,0,350,311,230,"1,679",303,40,60,"2,082","1,971","1,853","2,282","2,083",56,420,"1,100","1,576","1,212","1,188",1,6,6,13,8,5,"1,220","1,193",25.18
Oct-22,Crime-Statistics-Oct-2022-POI-merged.pdf,PRO 4-B,4,1,3,17,6,6,0,0,37,35,22,1,1,1,38,36,23,109,27,7,22,165,152,123,188,146,16,49,60,125,120,119,0,0,0,0,0,0,120,119,9.99
Oct-22,Crime-Statistics-Oct-2022-POI-merged.pdf,PRO 5,18,3,30,29,26,79,1,7,193,138,83,3,2,1,196,140,84,303,60,6,19,388,360,281,500,365,22,321,404,747,673,664,1,4,4,9,8,8,681,672,20.87
Oct-22,Crime-Statistics-Oct-2022-POI-merged.pdf,PRO 6,25,16,31,21,28,65,0,5,191,141,111,1,1,1,192,142,112,352,185,29,66,632,560,523,702,635,34,321,627,982,793,792,1,4,1,6,6,6,799,798,21.7
Oct-22,Crime-Statistics-Oct-2022-POI-merged.pdf,PRO 7,32,4,70,24,28,115,0,5,278,254,194,6,5,4,284,259,198,"1,519",195,12,40,"1,766","1,747","1,623","2,006","1,821",34,657,999,"1,690","1,667","1,629",1,5,6,12,12,10,"1,679","1,639",45.79
Oct-22,Crime-Statistics-Oct-2022-POI-merged.pdf,PRO 8,29,3,16,8,11,38,0,0,105,80,57,1,0,0,106,80,57,222,41,16,27,306,279,220,359,277,16,120,157,293,280,275,0,2,1,3,3,3,283,278,14.39
Oct-22,Crime-Statistics-Oct-2022-POI-merged.pdf,PRO 9,22,3,5,16,8,14,0,1,69,52,35,0,0,0,69,52,35,204,37,8,27,276,258,222,310,257,16,102,120,238,222,221,0,2,2,4,3,3,225,224,14.6
Oct-22,Crime-Statistics-Oct-2022-POI-merged.pdf,PRO 10,24,6,11,20,19,41,0,3,124,100,76,1,1,1,125,101,77,293,59,20,36,408,363,311,464,388,32,201,322,555,472,471,1,10,8,19,19,16,491,487,21.31
Oct-22,Crime-Statistics-Oct-2022-POI-merged.pdf,PRO 11,18,3,11,24,8,21,0,3,88,73,53,0,0,0,88,73,53,"1,920",60,9,28,"2,017","2,002","1,964","2,075","2,017",20,95,115,230,221,219,0,2,3,5,5,5,226,224,42.39
Oct-22,Crime-Statistics-Oct-2022-POI-merged.pdf,PRO 12,31,8,12,26,20,37,0,11,145,116,82,0,0,0,145,116,82,254,58,16,19,347,330,301,446,383,25,191,150,366,260,258,1,0,0,1,0,0,260,258,18.26
Oct-22,Crime-Statistics-Oct-2022-POI-merged.pdf,PRO 13,14,3,5,11,17,25,1,5,81,61,41,0,0,0,81,61,41,166,46,16,19,247,208,150,269,191,12,98,130,240,226,220,0,2,1,3,3,2,229,222,19.85
Oct-22,Crime-Statistics-Oct-2022-POI-merged.pdf,PRO BAR,31,3,3,5,9,7,2,6,66,27,17,1,1,0,67,28,17,111,10,7,15,143,113,99,141,116,3,8,7,18,6,6,0,0,0,0,0,0,6,6,11.95
Oct-22,Crime-Statistics-Oct-2022-POI-merged.pdf,PRO COR,5,3,7,7,8,28,2,0,60,46,33,1,0,0,61,46,33,64,17,1,6,88,87,60,133,93,5,31,98,134,127,123,0,1,0,1,1,1,128,124,6.42
Oct-22,Crime-Statistics-Oct-2022-POI-merged.pdf,NCRPO,44,12,50,52,98,268,4,26,554,488,415,0,0,0,554,488,415,"2,092",396,34,55,"2,577","2,552","2,421","3,040","2,836",32,"1,283","4,332","5,647","5,505","5,111",1,10,14,25,25,11,"5,530","5,122",59.52
Nov-22,Crime-Stats-Nov.pdf,PRO 1,14,3,9,13,9,31,0,3,82,75,48,1,1,1,83,76,49,210,43,11,23,287,281,224,357,273,36,110,84,230,227,217,1,0,1,2,2,2,229,219,10.81
Nov-22,Crime-Stats-Nov.pdf,PRO 2,8,3,5,23,9,14,2,10,74,61,42,0,0,0,74,61,42,170,49,11,19,249,246,193,307,235,29,84,136,249,242,230,1,0,2,3,3,3,245,233,15.04
Nov-22,Crime-Stats-Nov.pdf,PRO 3,22,7,27,48,39,81,2,14,240,226,175,5,4,1,245,230,176,763,162,19,33,977,964,881,"1,194","1,057",45,589,980,"1,614","1,540","1,515",4,17,35,56,55,53,"1,595","1,568",23.27
Nov-22,Crime-Stats-Nov.pdf,PRO 4-A,45,9,32,68,59,141,1,16,371,341,253,1,1,0,372,342,253,"1,672",327,34,69,"2,102","2,047","1,889","2,389","2,142",53,445,"1,099","1,597","1,285","1,253",3,8,6,17,15,15,"1,300","1,268",25.6
Nov-22,Crime-Stats-Nov.pdf,PRO 4-B,7,3,5,21,4,7,0,5,52,50,32,0,0,0,52,50,32,97,30,12,15,154,148,122,198,154,15,49,48,112,106,103,0,2,0,2,2,2,108,105,9.75
Nov-22,Crime-Stats-Nov.pdf,PRO 5,22,0,21,36,36,61,0,13,189,138,98,0,0,0,189,138,98,342,91,20,28,481,452,354,590,452,13,356,397,766,711,706,1,2,0,3,3,3,714,709,22.41
Nov-22,Crime-Stats-Nov.pdf,PRO 6,33,16,49,38,21,70,0,8,235,176,142,0,0,0,235,176,142,385,225,30,68,708,632,567,808,709,44,332,615,991,812,809,0,1,0,1,0,0,812,809,23.18
Nov-22,Crime-Stats-Nov.pdf,PRO 7,31,8,65,26,41,121,0,8,300,271,200,2,1,0,302,272,200,"1,382",165,20,39,"1,606","1,591","1,488","1,863","1,688",34,636,"1,027","1,697","1,668","1,653",0,9,8,17,17,17,"1,685","1,670",44.2
Nov-22,Crime-Stats-Nov.pdf,PRO 8,17,5,12,16,15,40,1,7,113,93,59,0,0,0,113,93,59,222,47,19,32,320,306,243,399,302,21,102,166,289,278,276,1,3,0,4,4,4,282,280,14.76
Nov-22,Crime-Stats-Nov.pdf,PRO 9,29,3,13,14,13,15,0,7,94,70,50,0,0,0,94,70,50,179,29,9,31,248,238,204,308,254,14,109,116,239,234,233,0,1,0,1,1,1,235,234,14.47
Nov-22,Crime-Stats-Nov.pdf,PRO 10,23,7,23,16,21,46,0,6,142,130,95,2,2,1,144,132,96,320,75,20,44,459,429,359,561,455,25,196,310,531,465,465,2,18,11,31,29,29,494,494,22.43
Nov-22,Crime-Stats-Nov.pdf,PRO 11,19,5,7,36,11,31,0,1,110,95,66,1,1,1,111,96,67,"1,538",68,3,19,"1,628","1,619","1,587","1,715","1,654",18,102,118,238,235,234,1,1,1,3,3,3,238,237,35.86
Nov-22,Crime-Stats-Nov.pdf,PRO 12,24,10,5,23,8,28,0,3,101,85,61,3,2,2,104,87,63,217,42,7,15,281,271,234,358,297,21,221,176,418,318,313,0,2,0,2,2,2,320,315,17.12
Nov-22,Crime-Stats-Nov.pdf,PRO 13,13,2,12,14,19,27,0,1,88,74,44,0,0,0,88,74,44,181,61,10,21,273,256,198,330,242,17,107,147,271,257,257,2,1,2,5,5,3,262,260,22.15
Nov-22,Crime-Stats-Nov.pdf,PRO BAR,36,1,6,2,4,6,0,3,58,23,15,0,0,0,58,23,15,83,14,8,20,125,97,81,120,96,3,8,1,12,6,5,1,0,0,1,0,0,6,5,10.28
Nov-22,Crime-Stats-Nov.pdf,PRO COR,3,0,12,16,2,32,1,2,68,64,38,1,0,0,69,64,38,67,30,3,8,108,102,73,166,111,7,62,102,171,158,156,3,1,0,4,4,3,162,159,7.96
Nov-22,Crime-Stats-Nov.pdf,NCRPO,28,12,52,76,89,265,5,30,557,517,415,1,1,1,558,518,416,"1,938",413,30,66,"2,447","2,432","2,261","2,950","2,677",30,"1,379","4,408","5,817","5,659","5,190",0,12,34,46,45,9,"5,704","5,199",59.96
Dec-22,Crime-Statistics-December-2021-vs-2022-.pdf,PRO 1,8,4,14,14,12,32,1,2,87,79,46,0,0,0,87,79,46,123,49,8,25,205,196,166,275,212,41,152,133,326,322,311,1,1,3,5,4,4,326,315,11.19
Dec-22,Crime-Statistics-December-2021-vs-2022-.pdf,PRO 2,8,6,6,11,3,19,1,6,60,52,40,1,1,1,61,53,41,131,50,7,12,200,187,140,240,181,40,100,179,319,312,292,0,0,2,2,2,2,314,294,15.22
Dec-22,Crime-Statistics-December-2021-vs-2022-.pdf,PRO 3,26,5,19,36,30,97,2,20,235,221,169,2,2,2,237,223,171,603,149,17,40,809,801,734,"1,024",905,68,660,"1,241","1,969","1,894","1,863",2,14,25,41,40,39,"1,934","1,902",24.59
Dec-22,Crime-Statistics-December-2021-vs-2022-.pdf,PRO 4-A,50,6,28,62,54,143,1,21,365,305,229,6,5,4,371,310,233,"1,583",286,25,71,"1,965","1,786","1,670","2,096","1,903",78,567,"1,431","2,076","1,717","1,688",2,6,6,14,10,8,"1,727","1,696",27.72
Dec-22,Crime-Statistics-December-2021-vs-2022-.pdf,PRO 4-B,12,6,6,12,8,8,0,2,54,45,28,0,0,0,54,45,28,68,20,7,20,115,104,76,149,104,18,69,71,158,153,143,1,2,1,4,4,4,157,147,10.08
Dec-22,Crime-Statistics-December-2021-vs-2022-.pdf,PRO 5,16,5,15,18,30,57,0,11,152,104,64,1,1,1,153,105,65,259,81,15,25,380,338,253,443,318,33,414,560,"1,007",925,915,0,1,1,2,1,1,926,916,24.01
Dec-22,Crime-Statistics-December-2021-vs-2022-.pdf,PRO 6,27,9,27,18,27,55,0,12,175,120,107,2,1,1,177,121,108,324,219,22,70,635,531,480,652,588,53,401,699,"1,153",963,962,0,11,5,16,13,13,976,975,23.73
Dec-22,Crime-Statistics-December-2021-vs-2022-.pdf,PRO 7,30,3,65,26,29,97,0,11,261,236,187,1,0,0,262,236,187,"1,372",174,16,59,"1,621","1,598","1,478","1,834","1,665",37,717,"1,107","1,861","1,847","1,815",4,10,12,26,24,21,"1,871","1,836",46.01
Dec-22,Crime-Statistics-December-2021-vs-2022-.pdf,PRO 8,21,3,16,17,22,33,0,1,113,75,57,0,0,0,113,75,57,171,38,17,27,253,220,180,295,237,18,133,196,347,325,322,1,2,1,4,4,4,329,326,14.58
Dec-22,Crime-Statistics-December-2021-vs-2022-.pdf,PRO 9,14,2,11,16,10,17,0,7,77,57,38,0,0,0,77,57,38,149,21,11,30,211,190,168,247,206,14,118,123,255,251,247,0,2,0,2,2,2,253,249,13.55
Dec-22,Crime-Statistics-December-2021-vs-2022-.pdf,PRO 10,15,6,22,18,13,45,0,12,131,107,83,1,0,0,132,107,83,229,70,12,52,363,315,274,422,357,39,219,352,610,546,540,0,2,1,3,1,1,547,541,21.33
Dec-22,Crime-Statistics-December-2021-vs-2022-.pdf,PRO 11,22,6,10,12,11,13,0,2,76,53,47,1,1,0,77,54,47,"1,347",61,4,15,"1,427","1,419","1,385","1,473","1,432",32,111,110,253,243,240,1,2,2,5,5,5,248,245,31.92
Dec-22,Crime-Statistics-December-2021-vs-2022-.pdf,PRO 12,22,8,8,12,10,25,1,5,91,62,48,2,0,0,93,62,48,186,43,12,30,271,254,235,316,283,38,233,155,426,301,299,0,0,0,0,0,0,301,299,16.8
Dec-22,Crime-Statistics-December-2021-vs-2022-.pdf,PRO 13,13,5,5,16,13,18,0,2,72,51,35,1,1,1,73,52,36,196,39,10,14,259,219,163,271,199,16,109,125,250,236,234,0,2,3,5,5,5,241,239,20.41
Dec-22,Crime-Statistics-December-2021-vs-2022-.pdf,PRO BAR,36,1,4,3,2,5,1,3,55,20,11,0,0,0,55,20,11,57,6,9,14,86,58,52,78,63,6,10,1,17,8,8,0,0,0,0,0,0,8,8,8.28
Dec-22,Crime-Statistics-December-2021-vs-2022-.pdf,PRO COR,5,2,15,8,5,17,1,1,54,37,21,0,0,0,54,37,21,62,17,3,5,87,84,64,121,85,11,78,166,255,231,227,0,0,0,0,0,0,231,227,8.95
Dec-22,Crime-Statistics-December-2021-vs-2022-.pdf,NCRPO,16,11,53,58,82,213,7,17,457,415,336,5,3,3,462,418,339,"1,716",364,30,61,"2,171","2,152","2,011","2,570","2,350",33,"1,420","4,790","6,243","6,080","5,670",0,15,24,39,38,9,"6,118","5,679",60.28
Jan-23,Crime-Statistics-January-1-31-2023-POI-merged.pdf,PRO 1,13,0,10,19,9,30,1,8,90,84,50,0,0,0,90,84,50,200,49,3,26,278,276,237,360,287,27,147,138,312,306,294,1,1,2,4,4,2,310,296,12.29
Jan-23,Crime-Statistics-January-1-31-2023-POI-merged.pdf,PRO 2,11,3,8,12,13,11,0,6,64,59,36,1,0,0,65,59,36,260,30,3,12,305,303,238,362,274,36,81,135,252,250,241,0,2,1,3,3,3,253,244,16.35
Jan-23,Crime-Statistics-January-1-31-2023-POI-merged.pdf,PRO 3,20,9,14,56,51,85,4,21,260,249,183,2,2,1,262,251,184,734,160,22,42,958,949,853,"1,200","1,037",68,607,"1,153","1,828","1,780","1,759",0,5,26,31,31,30,"1,811","1,789",24.78
Jan-23,Crime-Statistics-January-1-31-2023-POI-merged.pdf,PRO 4-A,36,5,40,77,48,122,3,21,352,312,228,4,4,1,356,316,229,"1,704",277,22,60,"2,063","2,009","1,862","2,325","2,091",50,484,"1,104","1,638","1,344","1,304",1,4,6,11,7,7,"1,351","1,311",25.48
Jan-23,Crime-Statistics-January-1-31-2023-POI-merged.pdf,PRO 4-B,10,3,2,18,3,8,0,1,45,39,25,0,0,0,45,39,25,94,36,11,19,160,153,114,192,139,12,51,53,116,109,100,0,1,0,1,1,0,110,100,9.81
Jan-23,Crime-Statistics-January-1-31-2023-POI-merged.pdf,PRO 5,16,8,21,24,35,62,0,11,177,126,87,0,0,0,177,126,87,291,73,17,15,396,370,277,496,364,24,352,414,790,713,702,2,4,1,7,6,4,719,706,21.33
Jan-23,Crime-Statistics-January-1-31-2023-POI-merged.pdf,PRO 6,35,11,19,31,17,51,0,9,173,124,87,1,1,0,174,125,87,352,165,24,47,588,524,473,649,560,35,321,555,911,786,775,1,1,1,3,2,2,788,777,20.08
Jan-23,Crime-Statistics-January-1-31-2023-POI-merged.pdf,PRO 7,32,4,36,39,32,116,3,7,269,249,174,0,0,0,269,249,174,"1,450",173,20,34,"1,677","1,666","1,530","1,915","1,704",42,596,922,"1,560","1,540","1,518",2,13,9,24,23,23,"1,563","1,541",43.08
Jan-23,Crime-Statistics-January-1-31-2023-POI-merged.pdf,PRO 8,15,3,13,17,13,23,0,2,86,63,39,0,0,0,86,63,39,221,29,18,25,293,277,225,340,264,16,92,143,251,243,240,0,2,0,2,2,2,245,242,12.85
Jan-23,Crime-Statistics-January-1-31-2023-POI-merged.pdf,PRO 9,13,3,7,16,17,17,0,11,84,68,51,0,0,0,84,68,51,151,25,10,21,207,194,168,262,219,16,103,99,218,211,207,0,0,2,2,2,2,213,209,12.71
Jan-23,Crime-Statistics-January-1-31-2023-POI-merged.pdf,PRO 10,30,4,15,23,18,41,0,7,138,125,93,1,0,0,139,125,93,331,78,15,31,455,430,381,555,474,31,199,290,520,484,478,0,2,3,5,5,5,489,483,21.54
Jan-23,Crime-Statistics-January-1-31-2023-POI-merged.pdf,PRO 11,14,4,8,21,8,16,0,5,76,72,54,2,2,1,78,74,55,"1,481",85,10,14,"1,590","1,580","1,541","1,654","1,596",10,100,117,227,225,225,0,1,1,2,2,2,227,227,34.36
Jan-23,Crime-Statistics-January-1-31-2023-POI-merged.pdf,PRO 12,15,7,8,20,11,23,0,6,90,77,50,4,4,1,94,81,51,217,30,9,32,288,266,229,347,280,31,199,146,376,277,275,0,1,0,1,0,0,277,275,16.14
Jan-23,Crime-Statistics-January-1-31-2023-POI-merged.pdf,PRO 13,15,2,2,20,12,20,0,3,74,62,44,0,0,0,74,62,44,226,29,8,19,282,272,211,334,255,10,101,130,241,229,228,0,2,1,3,3,3,232,231,20.86
Jan-23,Crime-Statistics-January-1-31-2023-POI-merged.pdf,PRO BAR,41,0,2,0,3,8,2,1,57,22,13,1,1,0,58,23,13,95,15,4,16,130,102,89,125,102,4,10,3,17,14,13,0,2,0,2,2,1,16,14,10.85
Jan-23,Crime-Statistics-January-1-31-2023-POI-merged.pdf,PRO COR,5,0,5,11,6,15,0,0,42,36,20,1,0,0,43,36,20,50,25,1,8,84,81,56,117,76,6,64,145,215,205,202,1,0,2,3,3,3,208,205,7.8
Jan-23,Crime-Statistics-January-1-31-2023-POI-merged.pdf,NCRPO,36,13,45,79,85,202,1,26,487,452,366,3,1,1,490,453,367,"1,955",421,29,51,"2,456","2,443","2,302","2,896","2,669",34,"1,339","3,996","5,369","5,257","4,998",0,9,20,29,29,8,"5,286","5,006",56.42
Feb-23,Crime-Stats-Feb-2023.pdf,PRO 1,5,2,12,18,9,22,1,3,72,66,36,0,0,0,72,66,36,271,48,9,19,347,338,271,404,307,31,153,179,363,357,349,1,3,0,4,3,2,360,351,14.12
Feb-23,Crime-Stats-Feb-2023.pdf,PRO 2,8,1,6,13,4,12,0,4,48,43,25,0,0,0,48,43,25,198,38,5,13,254,252,203,295,228,20,66,119,205,204,192,0,0,0,0,0,0,204,192,13.26
Feb-23,Crime-Stats-Feb-2023.pdf,PRO 3,19,7,17,67,44,87,2,16,259,252,169,3,3,0,262,255,169,697,154,23,36,910,909,819,"1,164",988,41,486,"1,005","1,532","1,516","1,493",2,13,21,36,36,35,"1,552","1,528",22.05
Feb-23,Crime-Stats-Feb-2023.pdf,PRO 4-A,45,11,32,65,45,137,1,25,361,337,245,2,2,1,363,339,246,"1,701",256,36,70,"2,063","2,032","1,917","2,371","2,163",52,448,"1,020","1,520","1,262","1,223",2,7,6,15,9,8,"1,271","1,231",24.81
Feb-23,Crime-Stats-Feb-2023.pdf,PRO 4-B,4,1,6,18,6,13,1,2,51,47,24,2,2,1,53,49,25,96,38,7,11,152,150,104,199,129,10,60,61,131,128,124,0,0,0,0,0,0,128,124,10.24
Feb-23,Crime-Stats-Feb-2023.pdf,PRO 5,9,6,22,30,25,64,0,4,160,114,71,1,1,1,161,115,72,258,69,10,13,350,329,242,444,314,10,316,418,744,680,674,0,0,2,2,2,1,682,675,19.57
Feb-23,Crime-Stats-Feb-2023.pdf,PRO 6,33,8,27,36,22,63,0,7,196,160,118,3,2,1,199,162,119,457,150,26,50,683,649,571,811,690,35,311,565,911,806,802,0,3,1,4,2,2,808,804,21.53
Feb-23,Crime-Stats-Feb-2023.pdf,PRO 7,23,7,51,22,32,116,0,6,257,240,176,1,1,1,258,241,177,"1,369",135,17,32,"1,553","1,548","1,428","1,789","1,605",32,557,869,"1,458","1,446","1,430",3,5,6,14,13,13,"1,459","1,443",40.07
Feb-23,Crime-Stats-Feb-2023.pdf,PRO 8,18,7,16,11,25,34,0,5,116,98,57,0,0,0,116,98,57,216,38,14,21,289,271,219,369,276,14,95,113,222,216,213,1,2,1,4,4,4,220,217,12.83
Feb-23,Crime-Stats-Feb-2023.pdf,PRO 9,22,5,12,29,12,18,0,8,106,90,64,1,1,0,107,91,64,187,32,7,22,248,238,198,329,262,12,108,95,215,213,209,1,1,1,3,3,3,216,212,14.25
Feb-23,Crime-Stats-Feb-2023.pdf,PRO 10,20,4,18,23,22,48,2,11,148,129,87,1,0,0,149,129,87,350,81,16,20,467,454,398,583,485,36,173,264,473,416,411,1,4,5,10,9,9,425,420,21.16
Feb-23,Crime-Stats-Feb-2023.pdf,PRO 11,15,2,8,27,13,25,0,2,92,78,51,0,0,0,92,78,51,"1,387",68,5,22,"1,482","1,475","1,423","1,553","1,474",19,102,109,230,228,227,1,5,9,15,15,15,243,242,32.95
Feb-23,Crime-Stats-Feb-2023.pdf,PRO 12,21,9,10,18,11,20,1,4,94,81,50,0,0,0,94,81,50,209,47,9,24,289,282,250,363,300,25,174,108,307,212,209,0,0,0,0,0,0,212,209,14.67
Feb-23,Crime-Stats-Feb-2023.pdf,PRO 13,9,1,4,17,20,19,0,4,74,66,44,0,0,0,74,66,44,154,27,12,14,207,197,151,263,195,8,82,106,196,193,189,1,1,0,2,2,2,195,191,16.65
Feb-23,Crime-Stats-Feb-2023.pdf,PRO BAR,34,3,9,2,6,6,1,2,63,39,23,0,0,0,63,39,23,79,8,4,18,109,95,82,134,105,6,11,5,22,18,18,0,0,0,0,0,0,18,18,10.17
Feb-23,Crime-Stats-Feb-2023.pdf,PRO COR,1,1,10,11,5,23,1,7,59,50,34,0,0,0,59,50,34,64,21,0,5,90,89,59,139,93,6,52,102,160,157,155,0,0,0,0,0,0,157,155,6.99
Feb-23,Crime-Stats-Feb-2023.pdf,NCRPO,18,5,59,72,75,244,3,29,505,475,361,2,2,2,507,477,363,"2,055",454,24,46,"2,579","2,563","2,377","3,040","2,740",24,"1,216","4,255","5,495","5,402","5,188",0,6,22,28,28,17,"5,430","5,205",58.21
Mar-23,Crime-Stats-March-2023.pdf,PRO 1,11,1,9,23,9,22,0,3,78,67,46,0,0,0,78,67,46,245,64,11,18,338,331,271,398,317,39,141,150,330,319,311,1,1,1,3,3,3,322,314,13.45
Mar-23,Crime-Stats-March-2023.pdf,PRO 2,3,2,8,22,8,19,0,4,66,59,40,0,0,0,66,59,40,177,40,11,21,249,241,192,300,232,31,81,116,228,226,215,0,1,0,1,1,1,227,216,14.23
Mar-23,Crime-Stats-March-2023.pdf,PRO 3,22,8,21,57,42,116,2,19,287,273,217,0,0,0,287,273,217,824,143,15,42,"1,024","1,010",920,"1,283","1,137",54,566,"1,209","1,829","1,791","1,769",1,16,29,46,46,46,"1,837","1,815",25.64
Mar-23,Crime-Stats-March-2023.pdf,PRO 4-A,36,10,17,68,40,153,4,16,344,302,235,4,2,0,348,304,235,"2,018",256,32,57,"2,363","2,225","2,104","2,529","2,339",48,489,"1,171","1,708","1,341","1,319",0,3,5,8,6,6,"1,347","1,325",27.72
Mar-23,Crime-Stats-March-2023.pdf,PRO 4-B,8,0,3,11,4,12,0,3,41,38,23,0,0,0,41,38,23,125,31,10,22,188,183,128,221,151,7,48,58,113,111,110,1,2,0,3,3,2,114,112,10.51
Mar-23,Crime-Stats-March-2023.pdf,PRO 5,12,4,19,44,27,71,1,10,188,143,106,1,1,1,189,144,107,280,78,13,10,381,341,258,485,365,21,365,456,842,773,759,0,2,1,3,2,2,775,761,22.04
Mar-23,Crime-Stats-March-2023.pdf,PRO 6,22,12,25,23,19,67,1,4,173,132,106,1,1,1,174,133,107,529,166,20,71,786,702,669,835,776,35,342,574,951,805,796,0,5,2,7,7,7,812,803,22.97
Mar-23,Crime-Stats-March-2023.pdf,PRO 7,25,5,58,23,28,105,0,3,247,224,185,0,0,0,247,224,185,"1,369",159,13,36,"1,577","1,553","1,461","1,777","1,646",24,610,946,"1,580","1,565","1,556",0,7,10,17,17,17,"1,582","1,573",41.75
Mar-23,Crime-Stats-March-2023.pdf,PRO 8,9,8,8,14,14,37,2,2,94,81,51,0,0,0,94,81,51,246,46,7,24,323,299,245,380,296,15,92,168,275,272,267,0,1,0,1,1,1,273,268,14.09
Mar-23,Crime-Stats-March-2023.pdf,PRO 9,21,2,19,19,22,27,2,6,118,98,67,0,0,0,118,98,67,168,45,8,27,248,231,209,329,276,25,118,113,256,246,244,0,2,1,3,3,3,249,247,15.54
Mar-23,Crime-Stats-March-2023.pdf,PRO 10,24,7,11,19,13,66,0,7,147,125,107,4,4,3,151,129,110,357,69,14,25,465,399,363,528,473,37,209,281,527,453,452,0,2,0,2,2,2,455,454,22.04
Mar-23,Crime-Stats-March-2023.pdf,PRO 11,21,2,11,25,19,17,2,1,98,78,61,2,2,1,100,80,62,"1,336",89,8,12,"1,445","1,430","1,401","1,510","1,463",28,95,117,240,231,231,2,7,8,17,17,17,248,248,32.64
Mar-23,Crime-Stats-March-2023.pdf,PRO 12,14,9,6,19,8,17,0,4,77,57,40,1,1,0,78,58,40,233,36,12,26,307,283,248,341,288,23,190,145,358,248,248,0,0,0,0,0,0,248,248,15.8
Mar-23,Crime-Stats-March-2023.pdf,PRO 13,15,1,6,17,23,25,0,5,92,71,55,1,1,1,93,72,56,204,38,5,17,264,239,189,311,245,13,107,135,255,242,239,2,3,2,7,6,5,248,244,21.52
Mar-23,Crime-Stats-March-2023.pdf,PRO BAR,39,3,7,6,6,1,0,2,64,34,22,0,0,0,64,34,22,110,17,3,19,149,114,104,148,126,5,12,8,25,17,17,0,0,1,1,0,0,17,17,12.53
Mar-23,Crime-Stats-March-2023.pdf,PRO COR,4,4,12,10,3,15,0,0,48,41,28,0,0,0,48,41,28,64,12,3,7,86,83,64,124,92,13,51,85,149,141,136,1,1,0,2,2,2,143,138,6.44
Mar-23,Crime-Stats-March-2023.pdf,NCRPO,30,13,51,72,102,247,10,25,550,510,412,2,2,2,552,512,414,"2,085",491,27,55,"2,658","2,641","2,471","3,153","2,885",38,"1,443","5,047","6,528","6,379","6,367",2,12,19,33,29,29,"6,408","6,396",66.07
Apr-23,Crime-Statistics-April-2023-POI-merged.pdf,PRO 1,12,3,8,18,4,14,2,6,67,55,39,0,0,0,67,55,39,216,61,9,25,311,295,242,350,281,29,130,172,331,313,313,1,1,0,2,1,1,314,314,12.77
Apr-23,Crime-Statistics-April-2023-POI-merged.pdf,PRO 2,9,3,4,17,11,15,0,8,67,53,38,0,0,0,67,53,38,160,44,6,18,228,214,172,267,210,23,72,114,209,198,190,0,1,0,1,1,1,199,191,13.21
Apr-23,Crime-Statistics-April-2023-POI-merged.pdf,PRO 3,14,4,21,50,50,93,1,23,256,241,190,1,1,1,257,242,191,868,191,24,34,"1,117","1,096",998,"1,338","1,189",38,620,"1,346","2,004","1,966","1,941",2,18,44,64,64,62,"2,030","2,003",27.7
Apr-23,Crime-Statistics-April-2023-POI-merged.pdf,PRO 4-A,43,12,33,56,37,141,5,24,351,296,225,2,2,1,353,298,226,"1,633",374,40,77,"2,124","1,933","1,826","2,231","2,052",42,548,"1,303","1,893","1,519","1,505",1,6,6,13,10,10,"1,529","1,515",27.45
Apr-23,Crime-Statistics-April-2023-POI-merged.pdf,PRO 4-B,9,3,7,19,6,21,0,1,66,55,42,0,0,0,66,55,42,133,38,8,15,194,182,155,237,197,23,61,63,147,138,132,0,1,1,2,2,2,140,134,12.46
Apr-23,Crime-Statistics-April-2023-POI-merged.pdf,PRO 5,19,3,15,33,41,79,3,12,205,124,91,1,1,1,206,125,92,367,85,10,32,494,454,366,579,458,25,328,457,810,729,728,1,4,2,7,5,5,734,733,23.62
Apr-23,Crime-Statistics-April-2023-POI-merged.pdf,PRO 6,28,13,38,29,23,54,0,8,193,141,112,0,0,0,193,141,112,470,201,22,66,759,668,631,809,743,28,305,509,842,664,664,0,2,2,4,3,3,667,667,21.54
Apr-23,Crime-Statistics-April-2023-POI-merged.pdf,PRO 7,38,6,76,37,29,129,0,10,325,304,246,1,1,1,326,305,247,"1,718",167,17,44,"1,946","1,898","1,755","2,203","2,002",38,608,892,"1,538","1,514","1,496",3,5,9,17,15,13,"1,529","1,509",46.71
Apr-23,Crime-Statistics-April-2023-POI-merged.pdf,PRO 8,18,8,19,20,8,28,1,0,102,78,52,0,0,0,102,78,52,268,46,16,42,372,343,304,421,356,11,107,132,250,239,236,1,0,0,1,1,1,240,237,14.74
Apr-23,Crime-Statistics-April-2023-POI-merged.pdf,PRO 9,22,4,15,13,19,35,0,8,116,93,72,0,0,0,116,93,72,169,40,12,26,247,228,194,321,266,18,113,107,238,227,225,1,0,1,2,1,1,228,226,15
Apr-23,Crime-Statistics-April-2023-POI-merged.pdf,PRO 10,27,8,20,32,14,52,1,8,162,129,104,1,0,0,163,129,104,333,73,12,39,457,369,332,498,436,39,165,286,490,417,414,4,4,5,13,11,9,428,423,21.62
Apr-23,Crime-Statistics-April-2023-POI-merged.pdf,PRO 11,17,2,11,21,11,24,0,5,91,76,65,3,1,1,94,77,66,"1,368",81,12,18,"1,479","1,449","1,437","1,526","1,503",19,87,104,210,207,207,0,12,10,22,22,22,229,229,32.69
Apr-23,Crime-Statistics-April-2023-POI-merged.pdf,PRO 12,21,4,7,19,15,19,1,7,93,66,48,2,1,1,95,67,49,212,43,10,23,288,271,256,338,305,25,186,137,348,239,238,0,0,0,0,0,0,239,238,15.54
Apr-23,Crime-Statistics-April-2023-POI-merged.pdf,PRO 13,17,4,7,18,14,25,0,5,90,66,38,0,0,0,90,66,38,210,52,12,23,297,273,208,339,246,10,127,129,266,257,256,1,3,4,8,7,7,264,263,22.98
Apr-23,Crime-Statistics-April-2023-POI-merged.pdf,PRO BAR,44,1,4,3,5,7,1,3,68,25,17,0,0,0,68,25,17,95,13,2,13,123,101,94,126,111,1,6,5,12,6,6,1,0,0,1,1,0,7,6,10.69
Apr-23,Crime-Statistics-April-2023-POI-merged.pdf,PRO COR,6,3,5,11,7,15,0,0,47,37,18,1,0,0,48,37,18,52,17,7,7,83,75,62,112,80,7,48,83,138,130,130,0,1,1,2,2,1,132,131,6.13
Apr-23,Crime-Statistics-April-2023-POI-merged.pdf,NCRPO,23,4,45,59,95,244,2,25,497,453,381,0,0,0,497,453,381,"2,076",519,26,63,"2,684","2,666","2,522","3,119","2,903",34,"1,334","4,243","5,611","5,502","5,499",0,5,13,18,18,18,"5,520","5,517",59.57
May-23,Crime-Stat-May-2023.pdf,PRO 1,12,4,15,20,9,24,1,6,91,83,58,2,2,0,93,85,58,254,58,7,17,336,327,285,412,343,31,129,144,304,289,281,0,1,0,1,1,1,290,282,13.18
May-23,Crime-Stat-May-2023.pdf,PRO 2,14,2,10,19,10,16,1,6,78,64,46,1,0,0,79,64,46,174,50,8,17,249,245,196,309,242,24,71,100,195,192,182,0,1,2,3,3,3,195,185,13.76
May-23,Crime-Stat-May-2023.pdf,PRO 3,27,10,26,44,31,93,1,15,247,232,178,1,1,0,248,233,178,908,189,20,35,"1,152","1,148","1,056","1,381","1,234",60,552,"1,257","1,869","1,838","1,812",0,5,28,33,33,33,"1,871","1,845",26.57
May-23,Crime-Stat-May-2023.pdf,PRO 4-A,42,13,30,85,41,155,1,19,386,347,267,4,4,2,390,351,269,"1,881",334,43,71,"2,329","2,267","2,125","2,618","2,394",55,520,"1,183","1,758","1,538","1,513",0,8,9,17,13,13,"1,551","1,526",28.14
May-23,Crime-Stat-May-2023.pdf,PRO 4-B,8,3,7,13,16,10,0,1,58,54,35,0,0,0,58,54,35,147,26,11,18,202,198,158,252,193,9,41,52,102,96,82,1,2,1,4,3,0,99,82,11.15
May-23,Crime-Stat-May-2023.pdf,PRO 5,23,3,38,47,29,92,0,5,237,169,114,1,0,0,238,169,114,397,84,25,19,525,488,355,657,469,26,421,533,980,886,883,1,2,1,4,3,3,889,886,27.21
May-23,Crime-Stat-May-2023.pdf,PRO 6,26,17,24,34,30,60,0,3,194,163,128,1,1,1,195,164,129,466,175,31,79,751,682,620,846,749,43,291,515,849,755,753,0,3,2,5,5,5,760,758,21.56
May-23,Crime-Stat-May-2023.pdf,PRO 7,30,5,63,32,38,123,0,12,303,275,220,0,0,0,303,275,220,"1,739",189,31,55,"2,014","1,980","1,841","2,255","2,061",31,575,866,"1,472","1,440","1,429",2,14,7,23,23,23,"1,463","1,452",46.52
May-23,Crime-Stat-May-2023.pdf,PRO 8,18,4,10,21,13,29,0,3,98,65,39,1,1,0,99,66,39,244,51,11,43,349,333,282,399,321,20,139,177,336,317,316,1,7,0,8,7,7,324,323,16.1
May-23,Crime-Stat-May-2023.pdf,PRO 9,15,3,17,21,13,37,0,17,123,98,74,0,0,0,123,98,74,203,51,16,22,292,280,238,378,312,16,129,151,296,282,281,0,3,0,3,3,3,285,284,17.76
May-23,Crime-Stat-May-2023.pdf,PRO 10,30,8,24,21,9,46,1,3,142,119,94,1,1,1,143,120,95,364,93,8,32,497,448,398,568,493,30,207,325,562,481,474,1,2,6,9,7,7,488,481,23.31
May-23,Crime-Stat-May-2023.pdf,PRO 11,22,8,11,29,12,22,1,2,107,92,69,1,0,0,108,92,69,"1,543",56,9,16,"1,624","1,618","1,577","1,710","1,646",16,93,96,205,199,199,0,4,5,9,9,9,208,208,35.25
May-23,Crime-Stat-May-2023.pdf,PRO 12,20,8,5,13,16,32,1,7,102,78,60,1,1,1,103,79,61,258,25,15,24,322,308,267,387,328,33,190,176,399,294,292,0,1,1,2,2,2,296,294,17.56
May-23,Crime-Stat-May-2023.pdf,PRO 13,11,0,9,23,9,29,0,5,86,72,41,0,0,0,86,72,41,280,57,10,33,380,351,263,423,304,12,127,147,286,272,265,0,2,0,2,0,0,272,265,26.21
May-23,Crime-Stat-May-2023.pdf,PRO BAR,37,0,9,2,5,4,0,2,59,28,19,0,0,0,59,28,19,116,11,6,11,144,128,117,156,136,6,13,2,21,13,13,0,1,0,1,1,1,14,14,11.8
May-23,Crime-Stat-May-2023.pdf,PRO COR,1,0,5,8,6,20,0,2,42,36,14,1,0,0,43,36,14,66,16,5,8,95,94,68,130,82,4,36,67,107,102,97,2,0,1,3,3,3,105,100,5.61
May-23,Crime-Stat-May-2023.pdf,NCRPO,31,13,49,64,68,250,5,35,515,459,375,2,0,0,517,459,375,"1,959",467,41,51,"2,518","2,499","2,346","2,958","2,721",23,"1,417","4,803","6,243","6,137","6,134",1,13,20,34,32,32,"6,169","6,166",62.96
Jun-23,Crime-Stat-June-2023.pdf,PRO 1,12,3,12,42,7,16,0,2,94,91,44,0,0,0,94,91,44,259,58,9,15,341,341,271,432,315,21,84,96,201,193,188,0,0,0,0,0,0,193,188,11.42
Jun-23,Crime-Stat-June-2023.pdf,PRO 2,6,2,25,21,8,18,0,8,88,86,53,2,2,1,90,88,54,165,74,5,16,260,260,189,348,243,27,79,97,203,174,169,0,0,0,0,0,0,174,169,14.46
Jun-23,Crime-Stat-June-2023.pdf,PRO 3,26,5,25,65,35,87,1,13,257,257,153,1,1,0,258,258,153,820,188,23,25,"1,056","1,053",912,"1,311","1,065",48,554,"1,269","1,871","1,816","1,798",0,1,0,1,0,0,"1,816","1,798",25.64
Jun-23,Crime-Stat-June-2023.pdf,PRO 4-A,29,11,33,107,45,136,3,20,384,380,229,2,2,2,386,382,231,"1,679",373,37,56,"2,145","2,142","1,928","2,524","2,159",52,457,"1,116","1,625","1,448","1,432",0,1,0,1,0,0,"1,448","1,432",26.03
Jun-23,Crime-Stat-June-2023.pdf,PRO 4-B,10,1,17,33,14,17,0,3,95,95,43,1,1,1,96,96,44,122,67,14,25,228,227,133,323,177,14,48,51,113,93,89,0,0,0,0,0,0,93,89,13.31
Jun-23,Crime-Stat-June-2023.pdf,PRO 5,12,3,37,44,41,70,0,15,222,216,132,0,0,0,222,216,132,380,140,21,21,562,548,395,764,527,25,351,459,835,752,744,1,4,2,7,7,7,759,751,25.32
Jun-23,Crime-Stat-June-2023.pdf,PRO 6,31,21,29,57,18,67,0,4,227,216,132,0,0,0,227,216,132,559,173,32,65,829,799,683,"1,015",815,24,282,512,818,673,670,1,3,0,4,4,2,677,672,22.5
Jun-23,Crime-Stat-June-2023.pdf,PRO 7,20,6,74,49,40,146,1,6,342,334,236,0,0,0,342,334,236,"1,546",209,22,44,"1,821","1,815","1,660","2,149","1,896",31,543,736,"1,310","1,256","1,235",0,0,1,1,1,1,"1,257","1,236",42.4
Jun-23,Crime-Stat-June-2023.pdf,PRO 8,12,8,15,39,22,34,0,7,137,133,75,0,0,0,137,133,75,204,46,15,37,302,299,237,432,312,18,96,117,231,202,196,0,0,0,0,0,0,202,196,13.62
Jun-23,Crime-Stat-June-2023.pdf,PRO 9,24,2,13,41,28,33,0,14,155,147,95,0,0,0,155,147,95,177,54,12,28,271,267,197,414,292,7,64,83,154,145,145,0,1,0,1,0,0,145,145,14.45
Jun-23,Crime-Stat-June-2023.pdf,PRO 10,28,8,29,39,27,64,0,10,205,201,125,1,1,1,206,202,126,285,87,23,48,443,435,338,637,464,35,186,333,554,462,462,0,0,0,0,0,0,462,462,23.16
Jun-23,Crime-Stat-June-2023.pdf,PRO 11,15,1,8,24,10,16,0,6,80,77,54,0,0,0,80,77,54,"1,860",72,7,16,"1,955","1,951","1,907","2,028","1,961",16,98,109,223,212,211,0,0,0,0,0,0,212,211,40.9
Jun-23,Crime-Stat-June-2023.pdf,PRO 12,22,6,8,35,14,26,0,7,118,105,67,2,2,0,120,107,67,175,41,7,17,240,234,203,341,270,18,191,180,389,301,301,0,0,0,0,0,0,301,301,15.93
Jun-23,Crime-Stat-June-2023.pdf,PRO 13,17,2,12,33,7,30,0,9,110,102,52,0,0,0,110,102,52,227,50,6,24,307,301,186,403,238,65,611,730,"1,406","1,309","1,299",0,0,0,0,0,0,"1,309","1,299",63.38
Jun-23,Crime-Stat-June-2023.pdf,PRO BAR,44,3,6,5,4,5,0,1,68,53,39,1,1,1,69,54,40,128,12,7,15,162,152,137,206,177,2,3,5,10,5,5,1,2,0,3,0,0,5,5,12.79
Jun-23,Crime-Stat-June-2023.pdf,PRO COR,4,2,13,18,8,15,0,3,63,57,34,0,0,0,63,57,34,71,27,7,6,111,107,77,164,111,4,32,83,119,115,112,0,0,0,0,0,0,115,112,6.63
Jun-23,Crime-Stat-June-2023.pdf,NCRPO,24,10,56,89,66,269,9,41,564,556,415,0,0,0,564,556,415,"2,005",502,34,54,"2,595","2,586","2,298","3,142","2,713",19,"1,128","4,138","5,285","5,037","5,063",0,0,0,0,0,0,"5,037","5,063",57.1
Jul-23,Crime-Stat-July-2023.pdf,PRO 1,9,1,6,23,9,20,0,2,70,64,31,0,0,0,70,64,31,204,54,6,17,281,279,229,343,260,23,76,127,226,223,214,0,0,0,0,0,0,223,214,10.36
Jul-23,Crime-Stat-July-2023.pdf,PRO 2,12,2,6,12,6,27,0,8,73,67,49,2,2,1,75,69,50,179,57,4,24,264,262,183,331,233,26,53,89,168,168,165,0,1,0,1,1,1,169,166,13.29
Jul-23,Crime-Stat-July-2023.pdf,PRO 3,19,5,23,65,43,88,0,14,257,255,180,0,0,0,257,255,180,750,171,19,42,982,977,881,"1,232","1,061",48,495,"1,254","1,797","1,774","1,754",1,8,23,32,32,32,"1,806","1,786",24.69
Jul-23,Crime-Stat-July-2023.pdf,PRO 4-A,45,11,33,77,35,162,8,30,401,393,251,2,2,0,403,395,251,"1,943",348,36,72,"2,399","2,390","2,204","2,785","2,455",36,475,"1,149","1,660","1,534","1,502",2,6,9,17,16,13,"1,550","1,515",28.05
Jul-23,Crime-Stat-July-2023.pdf,PRO 4-B,2,2,5,21,16,21,0,1,68,63,32,0,0,0,68,63,32,109,27,16,19,171,170,120,233,152,19,54,73,146,145,137,2,0,2,4,4,2,149,139,11.85
Jul-23,Crime-Stat-July-2023.pdf,PRO 5,19,5,32,41,32,67,2,19,217,196,132,2,2,1,219,198,133,292,92,14,23,421,403,285,601,418,31,356,487,874,814,804,2,2,1,5,4,3,818,807,23.65
Jul-23,Crime-Stat-July-2023.pdf,PRO 6,20,13,22,52,24,47,0,10,188,163,109,0,0,0,188,163,109,503,141,28,53,725,695,622,858,731,41,304,527,872,813,806,1,2,1,4,4,4,817,810,21.43
Jul-23,Crime-Stat-July-2023.pdf,PRO 7,36,4,58,36,27,130,1,14,306,294,214,2,2,1,308,296,215,"1,435",171,23,44,"1,673","1,665","1,534","1,961","1,749",26,519,771,"1,316","1,312","1,288",1,4,9,14,14,14,"1,326","1,302",40.41
Jul-23,Crime-Stat-July-2023.pdf,PRO 8,13,5,9,23,14,36,1,2,103,91,36,0,0,0,103,91,36,229,48,11,38,326,315,250,406,286,20,124,188,332,331,323,1,1,0,2,2,2,333,325,15.51
Jul-23,Crime-Stat-July-2023.pdf,PRO 9,24,5,12,30,11,27,0,10,119,111,69,0,0,0,119,111,69,185,42,9,24,260,260,214,371,283,12,123,131,266,264,257,0,1,1,2,2,2,266,259,16.09
Jul-23,Crime-Stat-July-2023.pdf,PRO 10,18,7,28,22,20,71,2,13,181,166,104,1,1,0,182,167,104,355,86,14,39,494,479,407,646,511,41,209,329,579,528,520,0,1,2,3,3,3,531,523,24.22
Jul-23,Crime-Stat-July-2023.pdf,PRO 11,22,4,7,27,13,20,0,7,100,93,60,1,0,0,101,93,60,"1,757",85,7,16,"1,865","1,854","1,805","1,947","1,865",21,96,110,227,220,218,0,0,4,4,4,4,224,222,39.8
Jul-23,Crime-Stat-July-2023.pdf,PRO 12,16,3,7,22,10,18,0,4,80,78,47,4,3,2,84,81,49,198,29,6,27,260,251,217,332,266,25,177,187,389,297,295,0,1,0,1,1,1,298,296,15.61
Jul-23,Crime-Stat-July-2023.pdf,PRO 13,18,2,4,21,10,23,0,6,84,68,37,0,0,0,84,68,37,252,47,11,19,329,311,205,379,242,17,109,145,271,263,259,0,1,0,1,1,1,264,260,23.81
Jul-23,Crime-Stat-July-2023.pdf,PRO BAR,41,3,9,3,6,6,3,5,76,54,41,0,0,0,76,54,41,115,16,2,17,150,135,128,189,169,2,8,3,13,9,9,0,0,0,0,0,0,9,9,12.53
Jul-23,Crime-Stat-July-2023.pdf,PRO COR,5,3,7,14,9,18,0,1,57,56,25,0,0,0,57,56,25,54,26,3,5,88,86,58,142,83,4,40,91,135,133,130,0,0,1,1,1,1,134,131,6.35
Jul-23,Crime-Stat-July-2023.pdf,NCRPO,44,8,48,90,99,238,2,25,554,537,376,1,1,0,555,538,376,"1,858",421,39,60,"2,378","2,367","2,152","2,905","2,528",23,"1,229","4,593","5,845","5,729","5,727",5,16,27,48,48,47,"5,777","5,774",59.68
Aug-23,Crime-Stat-Aug-2023.pdf,PRO 1,11,4,7,21,5,21,0,6,75,63,43,2,2,0,77,65,43,144,50,5,15,214,211,171,276,214,23,81,103,207,196,191,0,1,0,1,1,1,197,192,8.96
Aug-23,Crime-Stat-Aug-2023.pdf,PRO 2,10,6,5,7,12,15,0,7,62,59,48,2,2,1,64,61,49,173,45,6,21,245,234,199,295,248,30,72,108,210,195,193,1,2,1,4,4,4,199,197,13.68
Aug-23,Crime-Stat-Aug-2023.pdf,PRO 3,23,6,18,50,36,125,2,21,281,267,202,2,1,1,283,268,203,765,147,24,46,982,969,881,"1,237","1,084",53,500,"1,160","1,713","1,672","1,660",2,11,27,40,40,40,"1,712","1,700",24.29
Aug-23,Crime-Stat-Aug-2023.pdf,PRO 4-A,40,14,17,65,50,131,1,15,333,306,230,3,2,2,336,308,232,"1,904",317,56,67,"2,344","2,287","2,159","2,595","2,391",73,450,"1,167","1,690","1,479","1,460",1,5,8,14,13,11,"1,492","1,471",27.46
Aug-23,Crime-Stat-Aug-2023.pdf,PRO 4-B,7,2,4,9,13,14,0,3,52,47,33,0,0,0,52,47,33,157,40,8,19,224,217,173,264,206,15,72,76,163,155,146,2,1,2,5,3,3,158,149,13.53
Aug-23,Crime-Stat-Aug-2023.pdf,PRO 5,14,4,20,29,29,76,0,6,178,144,106,2,1,0,180,145,106,309,89,13,34,445,420,316,565,422,32,335,575,942,846,844,1,3,4,8,6,6,852,850,24.53
Aug-23,Crime-Stat-Aug-2023.pdf,PRO 6,35,11,20,24,20,57,0,4,171,134,107,1,1,1,172,135,108,458,142,26,57,683,630,584,765,692,36,268,467,771,664,663,1,3,3,7,7,7,671,670,19.56
Aug-23,Crime-Stat-Aug-2023.pdf,PRO 7,26,5,52,21,21,109,0,8,242,227,190,2,2,2,244,229,192,"1,404",164,19,40,"1,627","1,604","1,481","1,833","1,673",26,568,879,"1,473","1,440","1,426",1,1,0,2,2,2,"1,442","1,428",40.84
Aug-23,Crime-Stat-Aug-2023.pdf,PRO 8,22,6,9,15,18,27,0,2,99,62,47,3,1,1,102,63,48,158,37,8,33,236,215,178,278,226,16,120,159,295,275,273,1,1,2,4,1,1,276,274,12.95
Aug-23,Crime-Stat-Aug-2023.pdf,PRO 9,14,4,19,16,18,35,0,9,115,99,77,0,0,0,115,99,77,176,34,11,23,244,229,192,328,269,10,94,153,257,244,244,0,0,0,0,0,0,244,244,15.32
Aug-23,Crime-Stat-Aug-2023.pdf,PRO 10,14,7,19,16,12,43,0,8,119,102,83,0,0,0,119,102,83,293,70,19,30,412,356,317,458,400,22,217,348,587,496,495,0,1,4,5,5,5,501,500,21.62
Aug-23,Crime-Stat-Aug-2023.pdf,PRO 11,23,2,9,20,8,16,0,1,79,57,40,0,0,0,79,57,40,"1,517",76,5,13,"1,611","1,601","1,584","1,658","1,624",16,73,92,181,175,175,0,2,0,2,2,2,177,177,33.93
Aug-23,Crime-Stat-Aug-2023.pdf,PRO 12,20,6,7,9,12,26,0,5,85,76,55,0,0,0,85,76,55,194,19,6,26,245,242,217,318,272,16,123,124,263,217,217,0,1,0,1,1,1,218,218,12.63
Aug-23,Crime-Stat-Aug-2023.pdf,PRO 13,8,2,11,23,13,23,0,2,82,64,46,4,3,1,86,67,47,184,41,10,19,254,239,189,306,236,7,85,125,217,206,203,2,3,3,8,8,8,214,211,19.64
Aug-23,Crime-Stat-Aug-2023.pdf,PRO BAR,27,2,10,4,4,6,0,2,55,25,18,0,0,0,55,25,18,110,22,3,10,145,117,112,142,130,5,6,2,13,6,6,1,1,1,3,3,3,9,9,11.32
Aug-23,Crime-Stat-Aug-2023.pdf,PRO COR,2,3,4,7,10,14,0,3,43,41,25,0,0,0,43,41,25,59,22,4,7,92,87,73,128,98,4,36,66,106,101,101,0,0,0,0,0,0,101,101,5.45
Aug-23,Crime-Stat-Aug-2023.pdf,NCRPO,27,8,50,71,93,270,6,26,551,528,437,3,2,2,554,530,439,"2,049",436,26,50,"2,561","2,550","2,402","3,080","2,841",20,"1,213","4,996","6,229","6,160","6,154",4,8,22,34,34,34,"6,194","6,188",63.41
Sep-23,Crime-Stat-Sept-2023.pdf,PRO 1,8,4,4,14,4,19,0,3,56,46,30,0,0,0,56,46,30,150,42,8,17,217,210,176,256,206,30,82,95,207,198,191,0,0,1,1,1,1,199,192,8.64
Sep-23,Crime-Stat-Sept-2023.pdf,PRO 2,16,3,3,12,8,11,0,4,57,49,33,0,0,0,57,49,33,159,40,9,17,225,220,181,269,214,24,63,96,183,180,175,0,0,0,0,0,0,180,175,12.16
Sep-23,Crime-Stat-Sept-2023.pdf,PRO 3,20,9,22,40,47,103,2,19,262,251,199,1,1,0,263,252,199,744,170,16,29,959,945,883,"1,197","1,082",41,420,983,"1,444","1,423","1,417",2,9,13,24,24,24,"1,447","1,441",21.65
Sep-23,Crime-Stat-Sept-2023.pdf,PRO 4-A,33,7,29,41,63,134,1,27,335,285,214,1,1,0,336,286,214,"1,840",301,41,67,"2,249","2,062","1,926","2,348","2,140",46,471,"1,061","1,578","1,332","1,311",2,3,8,13,10,10,"1,342","1,321",26.15
Sep-23,Crime-Stat-Sept-2023.pdf,PRO 4-B,5,2,14,11,8,13,0,1,54,48,36,0,0,0,54,48,36,135,28,7,15,185,178,145,226,181,9,54,68,131,120,115,0,0,0,0,0,0,120,115,11.27
Sep-23,Crime-Stat-Sept-2023.pdf,PRO 5,12,0,19,30,32,65,0,6,164,134,108,0,0,0,164,134,108,246,96,13,20,375,337,262,471,370,29,369,514,912,803,800,2,3,1,6,6,5,809,805,22.69
Sep-23,Crime-Stat-Sept-2023.pdf,PRO 6,30,12,14,31,20,42,0,6,155,111,89,1,1,1,156,112,90,508,127,22,56,713,623,570,735,660,27,292,472,791,655,654,0,3,4,7,7,7,662,661,19.97
Sep-23,Crime-Stat-Sept-2023.pdf,PRO 7,33,8,47,26,47,115,0,12,288,265,217,2,2,1,290,267,218,"1,548",144,21,35,"1,748","1,712","1,610","1,979","1,828",31,542,817,"1,390","1,367","1,338",0,10,4,14,14,14,"1,381","1,352",42.01
Sep-23,Crime-Stat-Sept-2023.pdf,PRO 8,18,6,11,11,15,41,0,11,113,87,62,0,0,0,113,87,62,170,66,16,30,282,253,212,340,274,16,114,162,292,275,271,0,5,1,6,6,6,281,277,14.09
Sep-23,Crime-Stat-Sept-2023.pdf,PRO 9,17,2,12,17,11,34,0,2,95,77,59,0,0,0,95,77,59,197,33,11,23,264,241,210,318,269,14,100,118,232,218,217,1,3,3,7,7,7,225,224,14.87
Sep-23,Crime-Stat-Sept-2023.pdf,PRO 10,18,5,20,11,22,41,0,4,121,95,84,0,0,0,121,95,84,317,61,20,28,426,333,287,428,371,34,192,318,544,449,444,0,1,3,4,4,4,453,448,21.08
Sep-23,Crime-Stat-Sept-2023.pdf,PRO 11,10,3,13,14,7,18,0,1,66,56,46,3,0,0,69,56,46,"1,599",72,6,9,"1,686","1,664","1,641","1,720","1,687",18,89,99,206,203,200,2,0,0,2,2,2,205,202,35.56
Sep-23,Crime-Stat-Sept-2023.pdf,PRO 12,16,4,10,11,11,21,0,6,79,65,44,1,1,0,80,66,44,169,30,9,23,231,221,190,287,234,20,198,183,401,303,303,0,0,0,0,0,0,303,303,15.14
Sep-23,Crime-Stat-Sept-2023.pdf,PRO 13,14,2,10,14,9,22,0,3,74,54,39,0,0,0,74,54,39,209,47,11,18,285,254,191,308,230,15,95,134,244,235,233,1,1,2,4,3,3,238,236,21.1
Sep-23,Crime-Stat-Sept-2023.pdf,PRO BAR,33,2,9,5,6,3,0,3,61,23,18,2,0,0,63,23,18,76,17,4,13,110,81,80,104,98,2,8,1,11,1,1,1,0,0,1,0,0,1,1,9.7
Sep-23,Crime-Stat-Sept-2023.pdf,PRO COR,4,2,4,12,2,15,0,0,39,36,19,0,0,0,39,36,19,61,16,1,6,84,77,58,113,77,5,35,51,91,83,83,1,2,0,3,3,3,86,86,4.91
Sep-23,Crime-Stat-Sept-2023.pdf,NCRPO,31,9,48,36,102,292,8,24,550,518,406,0,0,0,550,518,406,"2,084",392,28,58,"2,562","2,541","2,387","3,059","2,793",26,"1,364","4,874","6,264","6,187","6,181",0,6,23,29,29,27,"6,216","6,208",63.59
