PLACE OF OCCURENCE,Type of Place,Year,Total,January,February,March,April,May,June,July,August,September,October,November,December
TOTAL,,2022,"449,428","32,505","52,426","43,005","44,600","37,848","41,598","30,085","26,029","30,393","31,478","23,862","55,599"
NATIONAL CAPITAL REGION (NCR),Region,2022,"54,629","2,822","9,032","5,330","4,047","3,803","4,456","3,854","3,660","3,908","3,965","3,365","6,387"
City of Caloocan,City,2022,"5,609",313,419,"1,197",425,437,452,372,324,389,389,299,593
City of Las Piñas,City,2022,"2,619",129,152,307,179,196,214,215,158,242,232,225,370
City of Makati,City,2022,"1,996",119,175,177,162,153,196,147,116,173,175,158,245
City of Malabon,City,2022,761,29,62,131,74,49,50,60,48,50,48,50,110
City of Mandaluyong,City,2022,"1,143",32,191,225,120,71,80,46,63,67,60,89,99
City of Manila,City,2022,"8,935",605,967,769,725,723,749,738,619,666,695,578,"1,101"
City of Marikina,City,2022,"1,648",74,118,136,153,131,169,140,108,131,121,144,223
City of Muntinlupa,City,2022,"1,550",96,142,125,123,114,133,103,115,113,123,113,250
City of Navotas,City,2022,400,10,68,41,34,29,71,27,31,33,11,18,27
City of Parañaque,City,2022,"1,875",83,154,144,109,134,212,149,87,175,305,138,185
Pasay City,City,2022,"2,322",118,170,175,178,188,226,195,277,162,180,142,311
City of Pasig,City,2022,"1,883",90,144,129,151,131,222,173,133,170,149,149,242
Quezon City,City,2022,"18,518",862,"5,789","1,102",916,"1,045","1,163","1,141","1,260","1,153","1,118",949,"2,020"
City of San Juan,City,2022,397,16,60,41,29,31,24,25,30,32,29,28,52
City of Taguig,City,2022,"1,535",78,139,126,114,121,171,110,80,119,112,100,265
City of Valenzuela,City,2022,"3,202",159,234,488,538,239,303,191,186,216,203,174,271
Pateros,City,2022,236,9,48,17,17,11,21,22,25,17,15,11,23
CORDILLERA ADMINISTRATIVE REGION (CAR),Region,2022,"9,844",753,853,"1,115","1,725",835,661,573,542,447,550,446,"1,344"
ABRA,Province,2022,"1,370",74,150,217,302,124,56,49,37,41,35,41,244
APAYAO,Province,2022,727,37,91,59,189,54,79,29,29,21,19,8,112
BENGUET,Province,2022,"2,665",329,135,352,394,193,191,181,157,123,167,149,294
IFUGAO,Province,2022,"1,075",55,151,136,202,80,63,64,54,47,73,49,101
KALINGA,Province,2022,"1,299",88,112,99,271,156,74,63,75,47,59,41,214
MOUNTAIN PROVINCE,Province,2022,783,71,44,76,133,68,47,50,72,37,50,33,102
CITY OF BAGUIO,Province,2022,"1,925",99,170,176,234,160,151,137,118,131,147,125,277
REGION I (ILOCOS REGION),Region,2022,"24,605","2,096","2,680","2,287","3,522","2,074","2,007","1,329","1,054","1,075","1,293","1,124","4,064"
ILOCOS NORTE,Province,2022,"2,869",198,134,259,403,234,305,197,169,183,160,158,469
ILOCOS SUR,Province,2022,"3,707",242,383,218,604,414,317,199,146,134,215,189,646
LA UNION,Province,2022,"3,870",307,519,235,626,356,276,203,154,178,210,188,618
PANGASINAN,Province,2022,"14,159","1,349","1,644","1,575","1,889","1,070","1,109",730,585,580,708,589,"2,331"
REGION II (CAGAYAN VALLEY),Region,2022,"19,073",971,"2,011","1,912","3,980","1,881","1,345","1,064","1,045",895,"1,251",767,"1,951"
BATANES,Province,2022,94,2,4,7,26,7,12,11,9,1,2,4,9
CAGAYAN,Province,2022,"6,151",324,607,574,"1,335",737,518,400,322,254,312,217,551
ISABELA,Province,2022,"8,966",427,"1,041","1,004","1,868",826,559,420,437,384,660,366,974
NUEVA VIZCAYA,Province,2022,"2,604",145,258,254,432,186,174,159,202,205,154,122,313
QUIRINO,Province,2022,"1,258",73,101,73,319,125,82,74,75,51,123,58,104
REGION III (CENTRAL LUZON),Region,2022,"50,633","3,557","6,338","4,646","5,995","4,176","4,531","3,047","2,821","2,810","2,969","2,934","6,809"
AURORA,Province,2022,"1,310",70,268,79,152,105,85,57,54,102,68,47,223
BATAAN,Province,2022,"3,164",249,326,278,293,235,420,203,202,154,239,192,373
BULACAN,Province,2022,"13,056",911,"1,780","1,308","1,368",971,"1,156",728,839,861,851,705,"1,578"
NUEVA ECIJA,Province,2022,"10,320",676,"1,597",747,"1,475",967,911,626,520,489,522,495,"1,295"
PAMPANGA,Province,2022,"10,607",764,"1,024","1,048","1,131",946,912,724,618,637,612,818,"1,373"
TARLAC,Province,2022,"6,937",570,572,633,869,577,636,395,297,308,385,397,"1,298"
ZAMBALES,Province,2022,"2,470",143,531,277,389,159,156,105,86,87,114,79,344
CITY OF ANGELES,City,2022,"1,712",97,153,176,146,144,170,143,125,115,120,132,191
CITY OF OLONGAPO,City,2022,"1,057",77,87,100,172,72,85,66,80,57,58,69,134
REGION IV-A (CALABARZON),Region,2022,"63,838","4,883","6,814","6,367","6,122","5,133","6,124","4,480","2,875","4,525","4,571","3,213","8,731"
BATANGAS,Province,2022,"15,648","1,483","1,448","1,452","1,477","1,419","1,486",985,545,"1,105","1,111",489,"2,648"
CAVITE,Province,2022,"15,390","1,011","2,023","1,492","1,220","1,143","1,397","1,019",800,"1,102","1,083",968,"2,132"
LAGUNA,Province,2022,"12,407",901,"1,313","1,435","1,170",842,"1,322","1,058",596,789,840,563,"1,578"
QUEZON,Province,2022,"8,267",660,899,821,"1,180",790,904,572,250,545,602,307,737
RIZAL,Province,2022,"11,085",754,"1,100","1,078",954,823,908,738,648,901,836,829,"1,516"
CITY OF LUCENA,City,2022,"1,041",74,31,89,121,116,107,108,36,83,99,57,120
MIMAROPA REGION,Region,2022,"14,323",824,"1,758","1,329","1,714","1,853","1,121",880,670,956,823,631,"1,764"
MARINDUQUE,Province,2022,940,90,34,102,92,184,101,64,27,43,34,44,125
OCCIDENTAL MINDORO,Province,2022,"2,312",123,534,158,493,241,128,69,55,90,78,99,244
ORIENTAL MINDORO,Province,2022,"4,289",235,342,416,454,888,367,250,140,270,312,151,464
PALAWAN,Province,2022,"4,167",234,534,422,416,332,261,240,293,401,258,237,539
ROMBLON,Province,2022,"1,308",63,200,104,147,121,120,168,50,37,45,35,218
CITY OF PUERTO PRINCESA,City,2022,"1,307",79,114,127,112,87,144,89,105,115,96,65,174
REGION V (BICOL REGION),Region,2022,"28,595","2,019","3,079","2,788","3,706","2,444","3,125","1,524","1,412","1,580","1,984","1,069","3,865"
ALBAY,Province,2022,"6,319",583,589,669,709,394,809,264,238,318,530,170,"1,046"
CAMARINES NORTE,Province,2022,"2,752",141,317,160,394,189,356,213,218,166,167,125,306
CAMARINES SUR,Province,2022,"10,387",624,"1,310","1,040","1,498",731,"1,054",582,359,616,665,318,"1,590"
CATANDUANES,Province,2022,"1,098",53,64,89,164,164,112,59,63,44,109,22,155
MASBATE,Province,2022,"4,355",336,395,592,566,537,370,203,228,263,250,277,338
SORSOGON,Province,2022,"3,684",282,404,238,375,429,424,203,306,173,263,157,430
REGION VI (WESTERN VISAYAS),Region,2022,"33,079","2,369","3,409","2,959","2,792","3,107","3,062","2,205","1,932","2,205","2,257","1,571","5,211"
AKLAN,Province,2022,"2,693",173,223,236,305,277,243,183,140,233,282,101,297
ANTIQUE,Province,2022,"2,195",151,242,177,172,235,236,191,108,88,178,94,323
CAPIZ,Province,2022,"3,324",256,351,267,321,320,275,205,204,159,315,195,456
GUIMARAS,Province,2022,793,54,145,80,68,68,75,42,43,39,43,29,107
ILOILO,Province,2022,"8,433",637,"1,069",826,704,817,765,533,493,567,452,371,"1,199"
NEGROS OCCIDENTAL,Province,2022,"10,998",870,"1,019","1,029",879,"1,014",994,668,642,738,619,531,"1,995"
CITY OF BACOLOD,City,2022,"2,587",147,203,174,180,206,229,196,172,226,219,133,502
CITY OF ILOILO,City,2022,"2,056",81,157,170,163,170,245,187,130,155,149,117,332
REGION VII (CENTRAL VISAYAS),Region,2022,"38,008","3,083","2,972","2,939","2,772","3,967","4,273","3,036","2,220","3,337","3,115","2,211","4,083"
BOHOL,Province,2022,"6,670",566,457,347,508,998,776,499,446,530,577,397,569
CEBU,Province,2022,"14,908","1,239","1,152","1,260",975,"1,572","1,730","1,111",866,"1,425","1,163",851,"1,564"
NEGROS ORIENTAL,Province,2022,"8,435",781,802,734,786,774,856,668,350,558,729,471,926
SIQUIJOR,Province,2022,365,26,31,19,17,53,28,22,28,55,25,17,44
CITY OF CEBU,City,2022,"4,370",292,335,296,284,303,515,418,276,476,362,255,558
CITY OF LAPU-LAPU,City,2022,"1,791",91,104,165,118,154,222,187,140,144,135,101,230
CITY OF MANDAUE,City,2022,"1,469",88,91,118,84,113,146,131,114,149,124,119,192
REGION VIII (EASTERN VISAYAS),Region,2022,"16,741","1,358","2,605","1,550","1,287","1,530","1,657","1,084","1,007","1,117","1,169",823,"1,554"
BILIRAN,Province,2022,676,59,144,52,56,50,45,39,56,75,32,31,37
EASTERN SAMAR,Province,2022,"1,859",75,481,163,138,149,259,136,105,51,77,41,184
LEYTE,Province,2022,"6,584",600,689,467,535,674,722,440,392,452,529,360,724
NORTHERN SAMAR,Province,2022,"2,606",328,611,410,257,150,166,119,85,216,68,52,144
SAMAR,Province,2022,"2,674",150,545,294,159,231,198,107,206,167,268,172,177
SOUTHERN LEYTE,Province,2022,"1,583",115,93,82,82,220,159,182,110,97,150,85,208
CITY OF TACLOBAN,City,2022,759,31,42,82,60,56,108,61,53,59,45,82,80
REGION IX (ZAMBOANGA PENINSULA),Region,2022,"14,748","1,356","1,886","1,602","1,097","1,289","1,243","1,133",989,928,"1,180",834,"1,211"
ZAMBOANGA DEL NORTE,Province,2022,"4,885",397,746,616,393,445,424,331,276,290,288,305,374
ZAMBOANGA DEL SUR,Province,2022,"4,447",481,599,555,322,358,335,361,244,279,401,210,302
ZAMBOANGA SIBUGAY,Province,2022,"2,659",256,239,234,179,161,261,230,267,200,236,149,247
CITY OF ISABELA,City,2022,238,18,6,16,9,112,13,16,8,7,7,6,20
CITY OF ZAMBOANGA,City,2022,"2,519",204,296,181,194,213,210,195,194,152,248,164,268
REGION X (NORTHERN MINDANAO),Region,2022,"23,456","1,666","2,855","2,909","1,644","1,767","2,147","1,680","1,535","1,769","1,885","1,245","2,354"
BUKIDNON,Province,2022,"7,660",656,960,698,682,627,739,462,562,623,653,412,586
CAMIGUIN,Province,2022,360,13,32,23,26,38,33,22,24,34,12,11,92
LANAO DEL NORTE,Province,2022,"2,592",187,216,939,176,109,153,111,98,101,299,70,133
MISAMIS OCCIDENTAL,Province,2022,"3,390",233,727,157,135,310,360,360,152,244,120,157,435
MISAMIS ORIENTAL,Province,2022,"4,038",276,435,555,238,267,429,320,260,229,332,205,492
CITY OF CAGAYAN DE ORO,City,2022,"3,987",193,378,415,288,290,293,292,327,343,363,304,501
CITY OF ILIGAN,City,2022,"1,429",108,107,122,99,126,140,113,112,195,106,86,115
REGION XI (DAVAO REGION),Region,2022,"23,865","1,964","2,150","2,202","1,775","1,685","2,388","1,867","1,913","2,023","1,864","1,392","2,642"
DAVAO DE ORO,Province,2022,"3,470",273,590,321,228,278,293,223,293,258,213,194,306
DAVAO DEL NORTE,Province,2022,"5,629",440,563,499,459,409,646,419,427,467,399,301,600
DAVAO DEL SUR,Province,2022,"3,251",340,196,306,279,233,325,287,217,247,303,155,363
DAVAO OCCIDENTAL,Province,2022,"1,059",118,57,149,130,76,88,98,87,87,62,32,75
DAVAO ORIENTAL,Province,2022,"2,461",158,226,357,218,159,255,199,147,197,137,109,299
CITY OF DAVAO,City,2022,"7,995",635,518,570,461,530,781,641,742,767,750,601,999
REGION XII (SOCCSKSARGEN),Region,2022,"17,956","1,577","2,002","1,517","1,233","1,118","1,683","1,094","1,275","1,397","1,627","1,181","2,252"
COTABATO,Province,2022,"5,581",506,496,503,341,290,530,331,445,406,602,494,637
SARANGANI,Province,2022,"2,240",239,341,166,153,143,242,148,125,166,163,197,157
SOUTH COTABATO,Province,2022,"4,545",368,404,437,336,323,403,311,308,312,431,266,646
SULTAN KUDARAT,Province,2022,"2,935",240,536,197,204,159,192,122,192,266,189,93,545
CITY OF GENERAL SANTOS,City,2022,"2,655",224,225,214,199,203,316,182,205,247,242,131,267
REGION XIII (Caraga),Region,2022,"12,603",744,"1,594","1,063","1,012",900,"1,367",968,864,"1,199",824,921,"1,147"
AGUSAN DEL NORTE,Province,2022,"1,876",106,178,301,97,111,232,118,88,152,117,133,243
AGUSAN DEL SUR,Province,2022,"3,299",250,575,270,392,211,270,219,168,248,164,277,255
DINAGAT ISLANDS,Province,2022,413,14,19,10,31,24,62,16,23,26,25,102,61
SURIGAO DEL NORTE,Province,2022,"2,379",100,151,144,143,222,306,161,171,372,196,121,292
SURIGAO DEL SUR,Province,2022,"3,193",175,552,210,229,211,327,332,305,290,194,222,146
CITY OF BUTUAN,City,2022,"1,443",99,119,128,120,121,170,122,109,111,128,66,150
BANGSAMORO AUTONOMOUS REGION IN MUSLIM MINDANAO (BARMM),Region,2022,"3,432",463,388,490,177,286,408,267,215,222,151,135,230
BASILAN,Province,2022,248,21,14,22,17,18,97,15,10,13,5,4,12
LANAO DEL SUR,Province,2022,678,94,84,89,72,61,70,47,46,33,28,21,33
MAGUINDANAO,Province,2022,"1,931",246,252,315,82,133,177,141,123,132,101,81,148
SULU,Province,2022,384,70,20,46,4,46,51,44,26,18,10,19,30
TAWI-TAWI,Province,2022,191,32,18,18,2,28,13,20,10,26,7,10,7
TOTAL,,2023,"414,213","37,887","52,501","36,273","33,661","37,065","43,295","30,806","25,002","27,637","25,595","20,525","43,966"
NATIONAL CAPITAL REGION (NCR),Region,2023,"51,892","4,187","7,996","4,505","3,391","4,009","4,912","3,952","3,240","3,321","3,377","3,205","5,797"
City of Caloocan,City,2023,"5,736",457,"1,536",455,335,390,452,418,325,298,271,254,545
City of Las Piñas,City,2023,"2,549",215,218,341,207,223,220,196,151,158,137,238,245
City of Makati,City,2023,"1,799",176,164,183,109,158,151,178,132,105,136,132,175
City of Malabon,City,2023,953,80,134,74,41,65,97,170,58,51,52,39,92
City of Mandaluyong,City,2023,"1,042",74,159,87,70,99,97,81,54,74,75,83,89
City of Manila,City,2023,"8,564",792,901,797,550,800,937,677,508,597,573,528,904
City of Marikina,City,2023,"1,805",159,192,166,111,134,261,138,72,111,99,138,224
City of Muntinlupa,City,2023,"1,858",147,200,180,96,133,188,156,113,115,126,108,296
City of Navotas,City,2023,457,36,74,43,30,38,73,23,20,22,26,25,47
City of Parañaque,City,2023,"1,714",119,239,136,96,165,288,94,92,95,183,87,120
Pasay City,City,2023,"2,205",195,230,198,158,192,186,171,143,203,165,140,224
City of Pasig,City,2023,"2,288",176,162,210,167,167,225,191,171,200,204,191,224
Quezon City,City,2023,"15,901","1,198","3,082","1,220",994,"1,092","1,213","1,020","1,124",960,987,899,"2,112"
City of San Juan,City,2023,395,27,89,32,15,32,39,26,18,26,27,31,33
City of Taguig,City,2023,"1,765",98,245,139,227,102,192,124,90,104,112,103,229
City of Valenzuela,City,2023,"2,653",219,341,224,171,207,278,270,149,191,188,194,221
Pateros,City,2023,208,19,30,20,14,12,15,19,20,11,16,15,17
CORDILLERA ADMINISTRATIVE REGION (CAR),Region,2023,"8,539",902,820,776,961,783,737,610,473,480,488,440,"1,069"
ABRA,Province,2023,"1,071",119,144,83,150,102,67,50,28,38,31,55,204
APAYAO,Province,2023,540,33,106,20,51,76,65,54,27,21,39,13,35
BENGUET,Province,2023,"2,342",313,117,277,288,205,182,147,166,129,131,116,271
IFUGAO,Province,2023,"1,003",68,171,81,137,91,67,60,58,48,60,42,120
KALINGA,Province,2023,957,79,74,73,109,93,83,90,49,49,74,69,115
MOUNTAIN PROVINCE,Province,2023,777,88,57,67,83,63,102,68,42,47,46,35,79
CITY OF BAGUIO,Province,2023,"1,849",202,151,175,143,153,171,141,103,148,107,110,245
REGION I (ILOCOS REGION),Region,2023,"23,501","2,889","3,342","1,804","2,517","2,061","2,051","1,383",957,944,"1,078","1,005","3,470"
ILOCOS NORTE,Province,2023,"2,890",294,320,224,284,260,296,208,139,141,170,142,412
ILOCOS SUR,Province,2023,"3,346",385,376,238,367,309,281,223,144,132,113,195,583
LA UNION,Province,2023,"3,639",449,444,220,518,412,255,215,147,134,148,135,562
PANGASINAN,Province,2023,"13,626","1,761","2,202","1,122","1,348","1,080","1,219",737,527,537,647,533,"1,913"
REGION II (CAGAYAN VALLEY),Region,2023,"17,318","1,154","2,374","1,516","2,526","2,026","1,324","1,209","1,055",902,"1,254",567,"1,411"
BATANES,Province,2023,94,7,8,12,8,13,6,9,6,5,5,4,11
CAGAYAN,Province,2023,"5,320",391,539,360,694,972,480,466,313,215,276,184,430
ISABELA,Province,2023,"8,160",502,"1,369",848,"1,327",722,540,487,491,425,706,210,533
NUEVA VIZCAYA,Province,2023,"2,595",205,287,234,311,196,176,177,175,193,170,123,348
QUIRINO,Province,2023,"1,149",49,171,62,186,123,122,70,70,64,97,46,89
REGION III (CENTRAL LUZON),Region,2023,"47,684","4,556","6,086","4,554","4,167","4,320","4,685","3,122","2,429","2,733","2,756","2,514","5,762"
AURORA,Province,2023,"1,176",77,302,52,103,95,88,99,50,69,45,34,162
BATAAN,Province,2023,"3,090",265,398,246,206,255,425,208,157,161,261,138,370
BULACAN,Province,2023,"12,261","1,126","1,180","1,422",808,"1,057","1,394",888,622,852,720,705,"1,487"
NUEVA ECIJA,Province,2023,"9,410",846,"1,359",755,"1,200",968,835,521,497,408,470,466,"1,085"
PAMPANGA,Province,2023,"9,718","1,035","1,231",921,700,912,822,673,555,661,588,536,"1,084"
TARLAC,Province,2023,"6,840",766,633,700,730,602,714,397,286,296,367,392,957
ZAMBALES,Province,2023,"2,336",199,631,173,204,195,161,120,82,77,107,80,307
CITY OF ANGELES,City,2023,"1,798",162,177,177,140,154,139,151,113,155,132,114,184
CITY OF OLONGAPO,City,2023,"1,055",80,175,108,76,82,107,65,67,54,66,49,126
REGION IV-A (CALABARZON),Region,2023,"60,541","5,809","7,156","5,399","4,392","5,018","6,830","4,737","2,807","4,100","3,849","3,048","7,396"
BATANGAS,Province,2023,"14,726","1,730","1,285","1,314","1,206","1,212","1,562","1,100",466,"1,019","1,000",616,"2,216"
CAVITE,Province,2023,"15,682","1,375","2,512","1,366",995,"1,121","1,740","1,034",790,"1,030",973,819,"1,927"
LAGUNA,Province,2023,"10,978",919,"1,418","1,088",747,936,"1,188",994,574,744,655,520,"1,195"
QUEZON,Province,2023,"7,429",702,651,568,561,784,976,670,271,563,495,411,777
RIZAL,Province,2023,"10,803",994,"1,238",983,811,874,"1,244",844,661,677,656,632,"1,189"
CITY OF LUCENA,City,2023,923,89,52,80,72,91,120,95,45,67,70,50,92
MIMAROPA REGION,Region,2023,"13,313","1,046","2,076","1,240","1,034","1,579","1,256",838,571,783,771,550,"1,569"
MARINDUQUE,Province,2023,"1,045",84,183,59,70,155,114,73,23,35,75,59,115
OCCIDENTAL MINDORO,Province,2023,"2,582",133,821,252,295,263,156,82,65,85,125,77,228
ORIENTAL MINDORO,Province,2023,"3,888",371,403,364,269,462,568,299,166,236,262,125,363
PALAWAN,Province,2023,"3,489",256,303,378,238,478,275,230,171,313,178,174,495
ROMBLON,Province,2023,991,78,118,70,84,119,61,60,67,32,38,54,210
CITY OF PUERTO PRINCESA,City,2023,"1,318",124,248,117,78,102,82,94,79,82,93,61,158
REGION V (BICOL REGION),Region,2023,"25,511","2,196","2,422","2,009","2,725","2,457","3,261","1,745","1,660","1,448","1,523",834,"3,231"
ALBAY,Province,2023,"6,020",575,394,433,467,698,920,296,321,314,425,179,998
CAMARINES NORTE,Province,2023,"2,685",181,222,139,377,178,440,241,285,218,124,101,179
CAMARINES SUR,Province,2023,"8,797",705,989,673,"1,235",685,931,600,380,422,526,283,"1,368"
CATANDUANES,Province,2023,892,77,71,56,82,113,97,66,47,47,44,53,139
MASBATE,Province,2023,"4,148",381,480,467,326,453,357,352,449,305,146,143,289
SORSOGON,Province,2023,"2,969",277,266,241,238,330,516,190,178,142,258,75,258
REGION VI (WESTERN VISAYAS),Region,2023,"32,230","2,701","4,503","4,110","2,993","3,183","2,928","2,073","1,721","1,953","1,841","1,286","2,938"
AKLAN,Province,2023,"2,476",207,182,198,169,354,226,156,168,156,257,101,302
ANTIQUE,Province,2023,"2,605",178,292,229,384,296,304,168,107,136,170,87,254
CAPIZ,Province,2023,"3,366",319,392,245,393,290,341,167,159,370,142,126,422
GUIMARAS,Province,2023,659,46,166,32,38,51,53,31,35,39,33,39,96
ILOILO,Province,2023,"7,386",583,"1,641",622,573,661,600,476,431,371,441,287,700
NEGROS OCCIDENTAL,Province,2023,"10,517",994,"1,431","1,387","1,071","1,147",998,742,557,632,531,385,642
CITY OF BACOLOD,City,2023,"3,195",204,190,"1,246",174,187,200,192,129,132,148,138,255
CITY OF ILOILO,City,2023,"2,026",170,209,151,191,197,206,141,135,117,119,123,267
REGION VII (CENTRAL VISAYAS),Region,2023,"34,506","3,610","3,239","2,492","2,100","3,657","3,642","2,859","2,279","3,357","2,511","1,768","2,992"
BOHOL,Province,2023,"6,472",672,679,371,444,953,697,487,434,448,415,323,549
CEBU,Province,2023,"12,936","1,431","1,332",864,665,"1,224","1,429","1,043",860,"1,542",980,671,895
NEGROS ORIENTAL,Province,2023,"7,556",826,741,687,596,793,676,622,378,579,553,334,771
SIQUIJOR,Province,2023,318,29,20,24,15,40,27,23,21,38,30,12,39
CITY OF CEBU,City,2023,"4,303",387,275,313,222,394,489,377,298,501,297,256,494
CITY OF LAPU-LAPU,City,2023,"1,689",154,113,131,76,150,178,156,182,154,140,93,162
CITY OF MANDAUE,City,2023,"1,232",111,79,102,82,103,146,151,106,95,96,79,82
REGION VIII (EASTERN VISAYAS),Region,2023,"13,748","1,111","2,014","1,040","1,109","1,316","1,455","1,174","1,008",857,814,566,"1,284"
BILIRAN,Province,2023,629,43,109,39,30,51,44,41,51,57,42,34,88
EASTERN SAMAR,Province,2023,"1,393",69,363,76,103,105,245,82,92,45,66,35,112
LEYTE,Province,2023,"5,765",568,667,461,394,654,675,452,398,373,286,285,552
NORTHERN SAMAR,Province,2023,"1,927",145,282,140,386,111,141,196,142,152,77,28,127
SAMAR,Province,2023,"1,934",133,394,171,87,141,131,158,165,115,182,82,175
SOUTHERN LEYTE,Province,2023,"1,461",110,158,97,82,193,166,118,110,81,119,71,156
CITY OF TACLOBAN,City,2023,639,43,41,56,27,61,53,127,50,34,42,31,74
REGION IX (ZAMBOANGA PENINSULA),Region,2023,"13,187","1,471","2,365","1,124",823,"1,173","1,050",980,917,820,705,777,982
ZAMBOANGA DEL NORTE,Province,2023,"4,436",398,"1,239",297,268,259,322,269,312,322,199,227,324
ZAMBOANGA DEL SUR,Province,2023,"3,779",456,612,398,243,434,284,314,222,201,203,185,227
ZAMBOANGA SIBUGAY,Province,2023,"2,005",255,155,149,98,182,197,180,139,105,127,180,238
CITY OF ISABELA,City,2023,244,21,9,20,78,16,14,11,27,14,12,19,3
CITY OF ZAMBOANGA,City,2023,"2,723",341,350,260,136,282,233,206,217,178,164,166,190
REGION X (NORTHERN MINDANAO),Region,2023,"20,992","1,792","2,355","1,542","1,390","1,765","2,412","2,109","1,705","1,786","1,247","1,345","1,544"
BUKIDNON,Province,2023,"6,410",556,896,548,418,544,665,427,628,417,376,381,554
CAMIGUIN,Province,2023,317,17,80,11,19,21,29,28,22,52,8,15,15
LANAO DEL NORTE,Province,2023,"1,637",235,187,173,105,103,209,105,95,86,114,107,118
MISAMIS OCCIDENTAL,Province,2023,"2,274",187,265,125,172,215,233,304,138,100,104,121,310
MISAMIS ORIENTAL,Province,2023,"3,457",289,362,229,248,298,635,328,240,233,190,183,222
CITY OF CAGAYAN DE ORO,City,2023,"5,434",268,344,366,380,473,555,801,436,738,375,472,226
CITY OF ILIGAN,City,2023,"1,463",240,221,90,48,111,86,116,146,160,80,66,99
REGION XI (DAVAO REGION),Region,2023,"22,403","1,821","2,120","1,742","1,337","1,624","3,547","1,853","1,901","1,927","1,556","1,207","1,768"
DAVAO DE ORO,Province,2023,"3,261",182,472,144,129,294,658,185,232,313,237,186,229
DAVAO DEL NORTE,Province,2023,"5,349",418,343,517,310,328,"1,160",409,439,439,359,247,380
DAVAO DEL SUR,Province,2023,"3,173",324,292,345,202,204,317,243,276,307,241,186,236
DAVAO OCCIDENTAL,Province,2023,"1,039",86,129,67,100,85,130,62,68,62,93,87,70
DAVAO ORIENTAL,Province,2023,"1,889",137,185,130,135,162,339,170,164,154,101,83,129
CITY OF DAVAO,City,2023,"7,692",674,699,539,461,551,943,784,722,652,525,418,724
REGION XII (SOCCSKSARGEN) 1,Region,2023,"16,494","1,511","1,822","1,446","1,229","1,026","1,737","1,098","1,353","1,258","1,178",901,"1,935"
COTABATO 2,Province,2023,"5,141",521,500,524,324,300,596,335,414,364,404,353,506
SARANGANI,Province,2023,"2,092",188,433,141,148,137,182,102,169,140,205,108,139
SOUTH COTABATO,Province,2023,"4,136",265,364,417,370,258,479,259,346,336,246,217,579
SULTAN KUDARAT,Province,2023,"2,510",274,258,175,191,148,220,164,247,219,140,86,388
CITY OF GENERAL SANTOS,City,2023,"2,615",263,267,189,196,183,260,238,177,199,183,137,323
REGION XIII (Caraga),Region,2023,"10,192",694,"1,519",730,829,831,"1,237",879,789,888,563,480,753
AGUSAN DEL NORTE,Province,2023,"1,405",96,306,77,105,81,106,120,83,160,69,51,151
AGUSAN DEL SUR,Province,2023,"2,597",158,432,173,202,237,380,203,181,165,141,170,155
DINAGAT ISLANDS,Province,2023,391,19,58,22,60,26,91,19,13,15,14,15,39
SURIGAO DEL NORTE,Province,2023,"2,174",140,376,209,255,171,146,165,144,253,119,86,110
SURIGAO DEL SUR,Province,2023,"2,217",139,272,143,138,147,364,230,208,194,124,84,174
CITY OF BUTUAN,City,2023,"1,408",142,75,106,69,169,150,142,160,101,96,74,124
BANGSAMORO AUTONOMOUS REGION IN MUSLIM MINDANAO (BARMM) 3,Region,2023,"2,162",437,292,244,138,237,231,185,137,80,84,32,65
BASILAN,Province,2023,246,66,17,22,17,19,46,16,15,10,7,3,8
LANAO DEL SUR,Province,2023,616,96,84,92,43,63,55,53,35,21,36,7,31
MAGUINDANAO 4,Province,2023,899,195,155,101,53,92,101,75,56,38,27,6,-
SULU,Province,2023,268,56,23,19,19,46,19,24,17,3,9,12,21
TAWI-TAWI,Province,2023,133,24,13,10,6,17,10,17,14,8,5,4,5
TOTAL,,2024,"240,734","31,140","44,515","25,641","31,595","28,417","37,013","20,648","13,616","7,948",201,,
NATIONAL CAPITAL REGION (NCR),Region,2024,"34,281","3,887","7,067","3,441","3,500","3,493","4,994","3,238","2,862","1,799",-,,
City of Caloocan,City,2024,"3,173",329,818,307,316,329,414,279,238,143,-,,
City of Las Piñas,City,2024,"1,453",158,184,241,154,154,183,135,133,111,-,,
City of Makati,City,2024,"1,012",130,139,99,129,106,160,98,77,74,-,,
City of Malabon,City,2024,488,64,40,47,47,61,51,122,31,25,-,,
City of Mandaluyong,City,2024,820,48,253,58,95,68,77,87,68,66,-,,
City of Manila,City,2024,"5,508",731,958,556,636,642,950,591,444,-,-,,
City of Marikina,City,2024,"1,113",133,145,100,102,110,272,104,84,63,-,,
City of Muntinlupa,City,2024,"1,149",138,141,101,107,121,259,107,99,76,-,,
City of Navotas,City,2024,308,30,87,21,23,25,61,25,20,16,-,,
City of Parañaque,City,2024,"1,106",102,298,82,99,92,218,77,85,53,-,,
Pasay City,City,2024,"1,356",181,232,150,128,146,154,139,126,100,-,,
City of Pasig,City,2024,"1,571",212,203,196,199,186,237,131,115,92,-,,
Quezon City,City,2024,"11,619","1,238","2,872","1,087","1,096","1,096","1,504","1,007","1,007",712,-,,
City of San Juan,City,2024,252,30,87,16,24,16,18,26,9,26,-,,
City of Taguig,City,2024,"1,193",118,185,138,115,157,151,135,100,94,-,,
City of Valenzuela,City,2024,"2,007",230,390,223,216,170,260,161,214,143,-,,
Pateros,City,2024,153,15,35,19,14,14,25,14,12,5,-,,
CORDILLERA ADMINISTRATIVE REGION (CAR),Region,2024,"5,474",776,709,644,831,566,753,487,370,338,-,,
ABRA,Province,2024,646,116,79,67,113,77,95,42,36,21,-,,
APAYAO,Province,2024,371,29,85,34,43,54,73,30,15,8,-,,
BENGUET,Province,2024,"1,488",252,93,208,249,135,191,152,116,92,-,,
IFUGAO,Province,2024,545,60,136,45,66,46,64,53,41,34,-,,
KALINGA,Province,2024,765,84,107,63,107,101,99,60,42,102,-,,
MOUNTAIN PROVINCE,Province,2024,484,63,64,87,55,42,73,42,30,28,-,,
CITY OF BAGUIO,Province,2024,"1,175",172,145,140,198,111,158,108,90,53,-,,
REGION I (ILOCOS REGION),Region,2024,"12,374","2,487","2,748","1,527","2,280","1,605",840,449,260,178,-,,
ILOCOS NORTE,Province,2024,"1,858",306,185,224,286,227,276,159,102,93,-,,
ILOCOS SUR,Province,2024,"1,996",338,380,145,361,269,306,127,70,-,-,,
LA UNION,Province,2024,"2,223",406,358,147,421,297,258,163,88,85,-,,
PANGASINAN,Province,2024,"6,297","1,437","1,825","1,011","1,212",812,-,-,-,-,-,,
REGION II (CAGAYAN VALLEY),Region,2024,"11,068",822,"1,940",840,"2,191","1,511","1,408",911,741,503,201,,
BATANES,Province,2024,96,7,12,5,22,11,21,9,4,5,-,,
CAGAYAN,Province,2024,"3,816",298,435,318,825,731,574,277,208,150,-,,
ISABELA,Province,2024,"5,007",333,"1,051",321,968,557,491,421,365,299,201,,
NUEVA VIZCAYA,Province,2024,"1,438",141,290,157,230,137,211,158,114,-,-,,
QUIRINO,Province,2024,711,43,152,39,146,75,111,46,50,49,-,,
REGION III (CENTRAL LUZON),Region,2024,"28,769","3,727","5,687","3,324","4,023","3,433","4,587","2,337","1,141",510,-,,
AURORA,Province,2024,690,65,202,38,67,86,120,57,28,27,-,,
BATAAN,Province,2024,"1,711",228,323,221,212,250,339,138,-,-,-,,
BULACAN,Province,2024,"6,750",926,"1,455",724,882,826,"1,359",578,-,-,-,,
NUEVA ECIJA,Province,2024,"5,850",644,"1,118",620,966,755,906,497,344,-,-,,
PAMPANGA,Province,2024,"6,878",922,"1,193",771,803,739,952,646,470,382,-,,
TARLAC,Province,2024,"4,027",557,600,598,720,459,581,319,193,-,-,,
ZAMBALES,Province,2024,"1,235",156,484,154,195,133,113,-,-,-,-,,
CITY OF ANGELES,City,2024,"1,133",147,158,131,118,113,157,102,106,101,-,,
CITY OF OLONGAPO,City,2024,495,82,154,67,60,72,60,-,-,-,-,,
REGION IV-A (CALABARZON),Region,2024,"39,624","5,012","6,862","3,975","4,373","4,297","6,546","4,099","2,448","2,012",-,,
BATANGAS,Province,2024,"9,028","1,507","1,141",968,"1,143","1,166","1,532",918,382,271,-,,
CAVITE,Province,2024,"10,668","1,222","2,375","1,033","1,069","1,045","1,637",894,731,662,-,,
LAGUNA,Province,2024,"7,774",806,"1,404",760,730,744,"1,356",923,509,542,-,,
QUEZON,Province,2024,"4,676",560,749,427,553,561,834,626,176,190,-,,
RIZAL,Province,2024,"6,887",833,"1,145",713,797,710,"1,083",655,604,347,-,,
CITY OF LUCENA,City,2024,591,84,48,74,81,71,104,83,46,-,-,,
MIMAROPA REGION,Region,2024,"8,458",807,"1,492",927,"1,298","1,155","1,594",602,349,234,-,,
MARINDUQUE,Province,2024,608,73,51,40,60,137,133,45,40,29,-,,
OCCIDENTAL MINDORO,Province,2024,"1,675",114,511,158,324,242,194,56,41,35,-,,
ORIENTAL MINDORO,Province,2024,"2,602",261,329,308,501,310,491,184,79,139,-,,
PALAWAN,Province,2024,"2,041",202,301,245,243,279,505,160,106,-,-,,
ROMBLON,Province,2024,588,66,104,57,78,92,91,51,18,31,-,,
CITY OF PUERTO PRINCESA,City,2024,944,91,196,119,92,95,180,106,65,-,-,,
REGION V (BICOL REGION),Region,2024,"16,715","1,749","1,605","1,165","2,491","2,390","4,504","1,318",898,595,-,,
ALBAY,Province,2024,"3,616",478,409,285,502,448,750,331,209,204,-,,
CAMARINES NORTE,Province,2024,"1,755",143,195,63,221,230,418,165,203,117,-,,
CAMARINES SUR,Province,2024,"5,791",631,494,416,"1,226",698,"1,263",494,330,239,-,,
CATANDUANES,Province,2024,589,46,59,36,56,112,104,93,48,35,-,,
MASBATE,Province,2024,"2,266",242,294,224,301,556,397,144,108,-,-,,
SORSOGON,Province,2024,"2,698",209,154,141,185,346,"1,572",91,-,-,-,,
REGION VI (WESTERN VISAYAS),Region,2024,"15,951","2,192","3,250","2,338","2,732","1,994","1,585",994,601,265,-,,
AKLAN,Province,2024,"1,518",186,194,187,214,273,250,138,76,-,-,,
ANTIQUE,Province,2024,"1,344",156,312,215,217,169,183,92,-,-,-,,
CAPIZ,Province,2024,"1,730",183,267,184,248,245,217,159,112,115,-,,
GUIMARAS,Province,2024,447,32,175,32,36,37,53,35,24,23,-,,
ILOILO,Province,2024,"4,683",466,"1,055",647,717,448,559,394,270,127,-,,
NEGROS OCCIDENTAL,Province,2024,"4,126",817,915,792,"1,009",593,-,-,-,-,-,,
CITY OF BACOLOD,City,2024,805,212,165,170,146,112,-,-,-,-,-,,
CITY OF ILOILO,City,2024,"1,298",140,167,111,145,117,323,176,119,-,-,,
REGION VII (CENTRAL VISAYAS),Region,2024,"15,767","3,062","3,393","1,837","2,211","2,010","1,567",934,541,212,-,,
BOHOL,Province,2024,"4,692",602,721,251,513,999,850,450,306,-,-,,
CEBU,Province,2024,"3,931","1,140","1,327",589,642,233,-,-,-,-,-,,
NEGROS ORIENTAL,Province,2024,"4,858",689,835,574,604,612,689,461,221,173,-,,
SIQUIJOR,Province,2024,208,26,12,16,17,33,28,23,14,39,-,,
CITY OF CEBU,City,2024,"1,107",334,293,228,252,-,-,-,-,-,-,,
CITY OF LAPU-LAPU,City,2024,662,167,127,118,117,133,-,-,-,-,-,,
CITY OF MANDAUE,City,2024,309,104,78,61,66,-,-,-,-,-,-,,
REGION VIII (EASTERN VISAYAS),Region,2024,"8,566","1,053","1,861",840,945,"1,013","1,429",919,298,208,-,,
BILIRAN,Province,2024,357,47,56,34,50,32,44,39,28,27,-,,
EASTERN SAMAR,Province,2024,288,61,181,46,-,-,-,-,-,-,-,,
LEYTE,Province,2024,"3,570",486,722,392,468,429,726,347,-,-,-,,
NORTHERN SAMAR,Province,2024,"1,154",155,299,101,90,98,202,209,-,-,-,,
SAMAR,Province,2024,"1,721",106,441,155,140,234,194,177,170,104,-,,
SOUTHERN LEYTE,Province,2024,"1,170",163,100,78,162,179,197,114,100,77,-,,
CITY OF TACLOBAN,City,2024,306,35,62,34,35,41,66,33,-,-,-,,
REGION IX (ZAMBOANGA PENINSULA),Region,2024,"6,695","1,056","1,304",791,839,825,827,514,393,146,-,,
ZAMBOANGA DEL NORTE,Province,2024,"2,756",391,654,312,289,354,264,185,161,146,-,,
ZAMBOANGA DEL SUR,Province,2024,"2,148",304,397,240,254,253,361,186,153,-,-,,
ZAMBOANGA SIBUGAY,Province,2024,"1,005",185,80,100,108,108,202,143,79,-,-,,
CITY OF ISABELA,City,2024,91,8,6,9,63,5,-,-,-,-,-,,
CITY OF ZAMBOANGA,City,2024,695,168,167,130,125,105,-,-,-,-,-,,
REGION X (NORTHERN MINDANAO),Region,2024,"11,280","1,275","1,981",995,"1,247","1,456","2,289","1,451",546,40,-,,
BUKIDNON,Province,2024,"4,027",481,830,416,485,373,740,401,301,-,-,,
CAMIGUIN,Province,2024,229,16,16,10,19,50,36,18,24,40,-,,
LANAO DEL NORTE,Province,2024,777,133,102,99,122,82,131,58,50,-,-,,
MISAMIS OCCIDENTAL,Province,2024,"1,570",159,413,84,140,168,196,296,114,-,-,,
MISAMIS ORIENTAL,Province,2024,"2,037",235,205,207,192,361,631,206,-,-,-,,
CITY OF CAGAYAN DE ORO,City,2024,"1,950",173,225,126,235,345,446,400,-,-,-,,
CITY OF ILIGAN,City,2024,690,78,190,53,54,77,109,72,57,-,-,,
REGION XI (DAVAO REGION),Region,2024,"11,853","1,438","1,631","1,249","1,264","1,333","2,243","1,304","1,078",313,-,,
DAVAO DE ORO,Province,2024,"1,800",172,264,117,198,288,454,169,138,-,-,,
DAVAO DEL NORTE,Province,2024,"3,217",320,341,399,232,280,597,315,420,313,-,,
DAVAO DEL SUR,Province,2024,"1,601",226,163,196,144,220,296,202,154,-,-,,
DAVAO OCCIDENTAL,Province,2024,470,61,69,50,54,65,99,59,13,-,-,,
DAVAO ORIENTAL,Province,2024,617,122,282,85,128,-,-,-,-,-,-,,
CITY OF DAVAO,City,2024,"4,148",537,512,402,508,480,797,559,353,-,-,,
REGION XII (SOCCSKSARGEN) 1,Region,2024,"8,201","1,102","1,515","1,070",907,756,929,663,818,441,-,,
COTABATO 2,Province,2024,"1,448",319,326,329,288,186,-,-,-,-,-,,
SARANGANI,Province,2024,"1,366",131,477,117,101,122,152,104,127,35,-,,
SOUTH COTABATO,Province,2024,"2,277",256,344,312,200,199,326,221,251,168,-,,
SULTAN KUDARAT,Province,2024,"1,426",189,204,89,143,100,201,123,276,101,-,,
CITY OF GENERAL SANTOS,City,2024,"1,684",207,164,223,175,149,250,215,164,137,-,,
REGION XIII (Caraga),Region,2024,"5,179",586,"1,402",631,431,524,776,413,262,154,-,,
AGUSAN DEL NORTE,Province,2024,533,151,261,121,-,-,-,-,-,-,-,,
AGUSAN DEL SUR,Province,2024,"1,059",117,357,170,126,142,147,-,-,-,-,,
DINAGAT ISLANDS,Province,2024,305,13,135,16,36,16,69,15,5,-,-,,
SURIGAO DEL NORTE,Province,2024,"1,485",99,315,111,140,157,238,141,130,154,-,,
SURIGAO DEL SUR,Province,2024,"1,553",104,244,161,129,209,322,257,127,-,-,,
CITY OF BUTUAN,City,2024,244,102,90,52,-,-,-,-,-,-,-,,
BANGSAMORO AUTONOMOUS REGION IN MUSLIM MINDANAO (BARMM) 3,Region,2024,479,109,68,47,32,56,142,15,10,-,-,,
BASILAN,Province,2024,65,8,6,4,7,10,30,-,-,-,-,,
LANAO DEL SUR,Province,2024,189,33,19,21,15,33,59,2,7,-,-,,
MAGUINDANAO 4,Province,2024,166,45,36,20,7,5,43,10,-,-,-,,
SULU,Province,2024,16,10,4,-,-,-,1,-,1,-,-,,
TAWI-TAWI,Province,2024,43,13,3,2,3,8,9,3,2,-,-,,
